#timestamp,#frame_is_ok,#U1,#U2,#U3,#current1,#activepow1,#current2,#activepow2,#current3,#activepow3,#current4,#activepow4,#current5,#activepow5,#current6,#activepow6
1745428511.039678535,true,239.4,0.0,0.0,0.1,0.9,0.0,-0.0,0.0,0.0,0.0,-0.0,0.8,182.0,0.0,0.0
1745428511.050052695,true,240.2,0.0,0.0,0.1,0.9,0.0,-0.0,0.0,0.0,0.0,-0.0,0.8,183.2,0.0,0.0
1745428511.059675491,true,240.2,0.0,0.0,0.1,0.9,0.0,-0.0,0.0,0.0,0.0,-0.0,0.8,183.2,0.0,0.0
1745428511.069926682,true,240.2,0.0,0.0,0.1,0.9,0.0,-0.0,0.0,0.0,0.0,-0.0,0.8,183.2,0.0,0.0
1745428511.079677879,true,240.1,0.0,0.0,0.1,1.0,0.0,0.0,0.0,0.0,0.0,-0.0,0.8,181.8,0.0,0.0
1745428511.089926764,true,240.1,0.0,0.0,0.1,1.0,0.0,0.0,0.0,0.0,0.0,-0.0,0.8,181.8,0.0,0.0
1745428511.100178622,true,239.3,0.0,0.0,0.1,1.0,0.0,0.0,0.0,0.0,0.0,-0.0,0.8,180.6,0.0,0.0
1745428511.109926275,true,240.9,0.0,0.0,0.1,1.0,0.0,0.0,0.0,0.0,0.0,-0.0,0.8,183.0,0.0,0.0
1745428511.119550654,true,239.5,0.0,0.0,0.1,1.2,0.0,0.0,0.0,0.0,0.0,-0.0,0.8,182.2,0.0,0.0
1745428511.129804322,true,240.3,0.0,0.0,0.1,1.2,0.0,0.0,0.0,0.0,0.0,-0.0,0.8,183.4,0.0,0.0
1745428511.139548614,true,240.3,0.0,0.0,0.1,1.2,0.0,0.0,0.0,0.0,0.0,-0.0,0.8,183.4,0.0,0.0
1745428511.149800567,true,240.3,0.0,0.0,0.1,1.2,0.0,0.0,0.0,0.0,0.0,-0.0,0.8,183.4,0.0,0.0
1745428511.160056600,true,240.4,0.0,0.0,0.1,1.1,0.0,0.0,0.0,0.0,0.0,-0.0,0.8,188.7,0.0,0.0
1745428511.169800355,true,240.4,0.0,0.0,0.1,1.1,0.0,0.0,0.0,0.0,0.0,-0.0,0.8,188.7,0.0,0.0
1745428511.180050087,true,239.7,0.0,0.0,0.1,1.1,0.0,0.0,0.0,0.0,0.0,-0.0,0.8,187.5,0.0,0.0
1745428511.189803618,true,240.4,0.0,0.0,0.1,1.1,0.0,0.0,0.0,0.0,0.0,-0.0,0.8,188.7,0.0,0.0
1745428511.200050271,true,240.4,0.0,0.0,0.1,0.8,0.0,0.0,0.0,0.0,0.0,-0.0,0.8,183.8,0.0,0.0
1745428511.209676793,true,240.4,0.0,0.0,0.1,0.8,0.0,0.0,0.0,0.0,0.0,-0.0,0.8,183.8,0.0,0.0
1745428511.220055119,true,240.4,0.0,0.0,0.1,0.8,0.0,0.0,0.0,0.0,0.0,-0.0,0.8,183.8,0.0,0.0
1745428511.229676060,true,240.4,0.0,0.0,0.1,0.8,0.0,0.0,0.0,0.0,0.0,-0.0,0.8,183.8,0.0,0.0
1745428511.239926200,true,239.6,0.0,0.0,0.1,1.2,0.0,0.0,0.0,0.0,0.0,-0.0,0.8,182.0,0.0,0.0
1745428511.249677869,true,240.3,0.0,0.0,0.1,1.2,0.0,0.0,0.0,0.0,0.0,-0.0,0.8,183.1,0.0,0.0
1745428511.259927946,true,240.3,0.0,0.0,0.1,1.2,0.0,0.0,0.0,0.0,0.0,-0.0,0.8,183.1,0.0,0.0
1745428511.269550623,true,240.3,0.0,0.0,0.1,1.2,0.0,0.0,0.0,0.0,0.0,-0.0,0.8,183.1,0.0,0.0
1745428511.279801824,true,240.2,0.0,0.0,0.1,1.0,0.0,-0.0,0.0,0.0,0.0,0.0,0.8,182.7,0.0,0.0
1745428511.289553181,true,240.2,0.0,0.0,0.1,1.0,0.0,-0.0,0.0,0.0,0.0,0.0,0.8,182.7,0.0,0.0
1745428511.299801723,true,239.4,0.0,0.0,0.1,1.0,0.0,-0.0,0.0,0.0,0.0,0.0,0.8,181.5,0.0,0.0
1745428511.309551633,true,240.2,0.0,0.0,0.1,1.0,0.0,-0.0,0.0,0.0,0.0,0.0,0.8,182.7,0.0,0.0
1745428511.319802322,true,240.1,0.0,0.0,0.1,1.0,0.0,0.0,0.0,0.0,0.0,-0.0,0.8,182.5,0.0,0.0
1745428511.329551762,true,240.1,0.0,0.0,0.1,1.0,0.0,0.0,0.0,0.0,0.0,-0.0,0.8,182.5,0.0,0.0
1745428511.339804381,true,240.1,0.0,0.0,0.1,1.0,0.0,0.0,0.0,0.0,0.0,-0.0,0.8,182.5,0.0,0.0
1745428511.349426326,true,240.1,0.0,0.0,0.1,1.0,0.0,0.0,0.0,0.0,0.0,-0.0,0.8,182.5,0.0,0.0
1745428511.359681389,true,239.4,0.0,0.0,0.1,1.1,0.0,-0.0,0.0,0.0,0.0,-0.0,0.8,182.2,0.0,0.0
1745428511.370052160,true,240.1,0.0,0.0,0.1,1.1,0.0,-0.0,0.0,0.0,0.0,-0.0,0.8,183.4,0.0,0.0
1745428511.379677534,true,240.1,0.0,0.0,0.1,1.1,0.0,-0.0,0.0,0.0,0.0,-0.0,0.8,183.4,0.0,0.0
1745428511.390057461,true,240.1,0.0,0.0,0.1,1.1,0.0,-0.0,0.0,0.0,0.0,-0.0,0.8,183.4,0.0,0.0
1745428511.399676712,true,240.2,0.0,0.0,0.1,1.0,0.0,0.0,0.0,0.0,0.0,-0.0,0.8,183.1,0.0,0.0
1745428511.409926027,true,240.2,0.0,0.0,0.1,1.0,0.0,0.0,0.0,0.0,0.0,-0.0,0.8,183.1,0.0,0.0
1745428511.419677241,true,239.4,0.0,0.0,0.1,1.0,0.0,0.0,0.0,0.0,0.0,-0.0,0.8,181.9,0.0,0.0
1745428511.429927012,true,240.2,0.0,0.0,0.1,1.0,0.0,0.0,0.0,0.0,0.0,-0.0,0.8,183.1,0.0,0.0
1745428511.439553537,true,240.2,0.0,0.0,0.1,0.9,0.0,0.0,0.0,0.0,0.0,-0.0,0.8,182.2,0.0,0.0
1745428511.449801518,true,240.2,0.0,0.0,0.1,0.9,0.0,0.0,0.0,0.0,0.0,-0.0,0.8,182.2,0.0,0.0
1745428511.459552895,true,240.2,0.0,0.0,0.1,0.9,0.0,0.0,0.0,0.0,0.0,-0.0,0.8,182.2,0.0,0.0
1745428511.469802814,true,240.2,0.0,0.0,0.1,0.9,0.0,0.0,0.0,0.0,0.0,-0.0,0.8,182.2,0.0,0.0
1745428511.479551929,true,240.2,0.0,0.0,0.1,1.2,0.0,-0.0,0.0,-0.0,0.0,-0.0,0.8,186.9,0.0,0.0
1745428511.489803467,true,240.2,0.0,0.0,0.1,1.2,0.0,-0.0,0.0,-0.0,0.0,-0.0,0.8,186.9,0.0,0.0
1745428511.499553434,true,239.4,0.0,0.0,0.1,1.2,0.0,-0.0,0.0,-0.0,0.0,-0.0,0.8,185.7,0.0,0.0
1745428511.509803960,true,240.2,0.0,0.0,0.1,1.2,0.0,-0.0,0.0,-0.0,0.0,-0.0,0.8,186.9,0.0,0.0
1745428511.519429074,true,240.2,0.0,0.0,0.1,1.2,0.0,0.0,0.0,0.0,0.0,-0.0,0.8,183.3,0.0,0.0
1745428511.529677216,true,240.2,0.0,0.0,0.1,1.2,0.0,0.0,0.0,0.0,0.0,-0.0,0.8,183.3,0.0,0.0
1745428511.539429422,true,240.2,0.0,0.0,0.1,1.2,0.0,0.0,0.0,0.0,0.0,-0.0,0.8,183.3,0.0,0.0
1745428511.549679299,true,240.2,0.0,0.0,0.1,1.2,0.0,0.0,0.0,0.0,0.0,-0.0,0.8,183.3,0.0,0.0
1745428511.559429096,true,239.2,0.0,0.0,0.1,1.1,0.0,-0.0,0.0,-0.0,0.0,-0.0,0.8,181.8,0.0,0.0
1745428511.569677421,true,240.0,0.0,0.0,0.1,1.1,0.0,-0.0,0.0,-0.0,0.0,-0.0,0.8,183.0,0.0,0.0
1745428511.579302211,true,240.0,0.0,0.0,0.1,1.1,0.0,-0.0,0.0,-0.0,0.0,-0.0,0.8,183.0,0.0,0.0
1745428511.589556706,true,240.0,0.0,0.0,0.1,1.1,0.0,-0.0,0.0,-0.0,0.0,-0.0,0.8,183.0,0.0,0.0
1745428511.599303060,true,240.0,0.0,0.0,0.1,0.8,0.0,-0.0,0.0,0.0,0.0,-0.0,0.8,182.5,0.0,0.0
1745428511.609552104,true,240.0,0.0,0.0,0.1,0.8,0.0,-0.0,0.0,0.0,0.0,-0.0,0.8,182.5,0.0,0.0
1745428511.619303044,true,239.2,0.0,0.0,0.1,0.8,0.0,-0.0,0.0,0.0,0.0,-0.0,0.8,181.4,0.0,0.0
1745428511.629553904,true,240.0,0.0,0.0,0.1,0.8,0.0,-0.0,0.0,0.0,0.0,-0.0,0.8,182.5,0.0,0.0
1745428511.639303949,true,240.2,0.0,0.0,0.1,1.2,0.0,0.0,0.0,-0.0,0.0,-0.0,0.8,184.5,0.0,0.0
1745428511.649552944,true,240.2,0.0,0.0,0.1,1.2,0.0,0.0,0.0,-0.0,0.0,-0.0,0.8,184.5,0.0,0.0
1745428511.659804042,true,240.2,0.0,0.0,0.1,1.2,0.0,0.0,0.0,-0.0,0.0,-0.0,0.8,184.5,0.0,0.0
1745428511.669434501,true,240.2,0.0,0.0,0.1,1.2,0.0,0.0,0.0,-0.0,0.0,-0.0,0.8,184.5,0.0,0.0
1745428511.679677368,true,239.6,0.0,0.0,0.1,1.0,0.0,-0.0,0.0,0.0,0.0,0.0,0.8,182.4,0.0,0.0
1745428511.689429405,true,240.4,0.0,0.0,0.1,1.0,0.0,-0.0,0.0,0.0,0.0,0.0,0.8,183.6,0.0,0.0
1745428511.699678187,true,240.4,0.0,0.0,0.1,1.0,0.0,-0.0,0.0,0.0,0.0,0.0,0.8,183.6,0.0,0.0
1745428511.709429312,true,240.4,0.0,0.0,0.1,1.0,0.0,-0.0,0.0,0.0,0.0,0.0,0.8,183.6,0.0,0.0
1745428511.719683852,true,240.4,0.0,0.0,0.1,1.1,0.0,0.0,0.0,0.0,0.0,-0.0,0.8,181.4,0.0,0.0
1745428511.729430653,true,240.4,0.0,0.0,0.1,1.1,0.0,0.0,0.0,0.0,0.0,-0.0,0.8,181.4,0.0,0.0
1745428511.739553714,true,239.6,0.0,0.0,0.1,1.1,0.0,0.0,0.0,0.0,0.0,-0.0,0.8,180.2,0.0,0.0
1745428511.749304585,true,240.4,0.0,0.0,0.1,1.1,0.0,0.0,0.0,0.0,0.0,-0.0,0.8,181.4,0.0,0.0
1745428511.759554144,true,240.4,0.0,0.0,0.1,0.7,0.0,-0.0,0.0,-0.0,0.0,-0.0,0.8,182.2,0.0,0.0
1745428511.769303600,true,240.4,0.0,0.0,0.1,0.7,0.0,-0.0,0.0,-0.0,0.0,-0.0,0.8,182.2,0.0,0.0
1745428511.779554317,true,240.4,0.0,0.0,0.1,0.7,0.0,-0.0,0.0,-0.0,0.0,-0.0,0.8,182.2,0.0,0.0
1745428511.789305733,true,240.4,0.0,0.0,0.1,0.7,0.0,-0.0,0.0,-0.0,0.0,-0.0,0.8,182.2,0.0,0.0
1745428511.799554279,true,239.6,0.0,0.0,0.1,1.2,0.0,0.0,0.0,-0.0,0.0,-0.0,0.8,182.0,0.0,0.0
1745428511.809305178,true,240.4,0.0,0.0,0.1,1.2,0.0,0.0,0.0,-0.0,0.0,-0.0,0.8,183.1,0.0,0.0
1745428511.819432915,true,240.4,0.0,0.0,0.1,1.2,0.0,0.0,0.0,-0.0,0.0,-0.0,0.8,183.1,0.0,0.0
1745428511.829178636,true,240.4,0.0,0.0,0.1,1.2,0.0,0.0,0.0,-0.0,0.0,-0.0,0.8,183.1,0.0,0.0
1745428511.839433564,true,240.4,0.0,0.0,0.1,1.1,0.0,0.0,0.0,-0.0,0.0,-0.0,0.8,183.4,0.0,0.0
1745428511.849180984,true,240.4,0.0,0.0,0.1,1.1,0.0,0.0,0.0,-0.0,0.0,-0.0,0.8,183.4,0.0,0.0
1745428511.859432035,true,240.4,0.0,0.0,0.1,1.1,0.0,0.0,0.0,-0.0,0.0,-0.0,0.8,183.4,0.0,0.0
1745428511.869181221,true,239.6,0.0,0.0,0.1,1.1,0.0,0.0,0.0,-0.0,0.0,-0.0,0.8,182.3,0.0,0.0
1745428511.879430073,true,240.3,0.0,0.0,0.1,1.0,0.0,-0.0,0.0,0.0,0.0,-0.0,0.8,181.7,0.0,0.0
1745428511.889179870,true,240.3,0.0,0.0,0.1,1.0,0.0,-0.0,0.0,0.0,0.0,-0.0,0.8,181.7,0.0,0.0
1745428511.899430954,true,240.3,0.0,0.0,0.1,1.0,0.0,-0.0,0.0,0.0,0.0,-0.0,0.8,181.7,0.0,0.0
1745428511.909555786,true,240.3,0.0,0.0,0.1,1.0,0.0,-0.0,0.0,0.0,0.0,-0.0,0.8,181.7,0.0,0.0
1745428511.919305997,true,239.6,0.0,0.0,0.1,1.1,0.0,0.0,0.0,0.0,0.0,-0.0,0.8,182.6,0.0,0.0
1745428511.929558665,true,240.3,0.0,0.0,0.1,1.1,0.0,0.0,0.0,0.0,0.0,-0.0,0.8,183.8,0.0,0.0
1745428511.939306866,true,240.3,0.0,0.0,0.1,1.1,0.0,0.0,0.0,0.0,0.0,-0.0,0.8,183.8,0.0,0.0
1745428511.949555860,true,240.3,0.0,0.0,0.1,1.1,0.0,0.0,0.0,0.0,0.0,-0.0,0.8,183.8,0.0,0.0
1745428511.959307585,true,240.4,0.0,0.0,0.1,1.1,0.0,-0.0,0.0,-0.0,0.0,-0.0,0.8,186.8,0.0,0.0
1745428511.969555209,true,240.4,0.0,0.0,0.1,1.1,0.0,-0.0,0.0,-0.0,0.0,-0.0,0.8,186.8,0.0,0.0
1745428511.979304682,true,240.4,0.0,0.0,0.1,1.1,0.0,-0.0,0.0,-0.0,0.0,-0.0,0.8,186.8,0.0,0.0
1745428511.989433920,true,240.4,0.0,0.0,0.1,1.1,0.0,-0.0,0.0,-0.0,0.0,-0.0,0.8,186.8,0.0,0.0
1745428511.999180483,true,239.7,0.0,0.0,0.1,0.7,0.0,-0.0,0.0,-0.0,0.0,-0.0,0.8,183.0,0.0,0.0
1745428512.009431533,true,240.5,0.0,0.0,0.1,0.7,0.0,-0.0,0.0,-0.0,0.0,-0.0,0.8,184.1,0.0,0.0
1745428512.019181835,true,240.5,0.0,0.0,0.1,0.7,0.0,-0.0,0.0,-0.0,0.0,-0.0,0.8,184.1,0.0,0.0
1745428512.029432009,true,240.5,0.0,0.0,0.1,0.7,0.0,-0.0,0.0,-0.0,0.0,-0.0,0.8,184.1,0.0,0.0
1745428512.039182475,true,240.4,0.0,0.0,0.1,1.2,0.0,-0.0,0.0,0.0,0.0,-0.0,0.8,184.3,0.0,0.0
1745428512.049431951,true,240.4,0.0,0.0,0.1,1.2,0.0,-0.0,0.0,0.0,0.0,-0.0,0.8,184.3,0.0,0.0
1745428512.059182854,true,239.6,0.0,0.0,0.1,1.2,0.0,-0.0,0.0,0.0,0.0,-0.0,0.8,183.1,0.0,0.0
1745428512.069430774,true,240.4,0.0,0.0,0.1,1.2,0.0,-0.0,0.0,0.0,0.0,-0.0,0.8,184.3,0.0,0.0
1745428512.079057778,true,240.2,0.0,0.0,0.1,1.0,0.0,-0.0,0.0,0.0,0.0,-0.0,0.8,183.0,0.0,0.0
1745428512.089312256,true,240.2,0.0,0.0,0.1,1.0,0.0,-0.0,0.0,0.0,0.0,-0.0,0.8,183.0,0.0,0.0
1745428512.099058742,true,240.2,0.0,0.0,0.1,1.0,0.0,-0.0,0.0,0.0,0.0,-0.0,0.8,183.0,0.0,0.0
1745428512.109307860,true,240.2,0.0,0.0,0.1,1.0,0.0,-0.0,0.0,0.0,0.0,-0.0,0.8,183.0,0.0,0.0
1745428512.119057026,true,239.5,0.0,0.0,0.1,1.2,0.0,0.0,0.0,-0.0,0.0,-0.0,0.8,185.4,0.0,0.0
1745428512.129308121,true,240.3,0.0,0.0,0.1,1.2,0.0,0.0,0.0,-0.0,0.0,-0.0,0.8,186.6,0.0,0.0
1745428512.139057832,true,240.3,0.0,0.0,0.1,1.2,0.0,0.0,0.0,-0.0,0.0,-0.0,0.8,186.6,0.0,0.0
1745428512.149185606,true,240.3,0.0,0.0,0.1,1.2,0.0,0.0,0.0,-0.0,0.0,-0.0,0.8,186.6,0.0,0.0
1745428512.159436453,true,240.3,0.0,0.0,0.1,0.8,0.0,-0.0,0.0,0.0,0.0,-0.0,0.8,187.7,0.0,0.0
1745428512.169181313,true,240.3,0.0,0.0,0.1,0.8,0.0,-0.0,0.0,0.0,0.0,-0.0,0.8,187.7,0.0,0.0
1745428512.179431659,true,239.5,0.0,0.0,0.1,0.8,0.0,-0.0,0.0,0.0,0.0,-0.0,0.8,186.5,0.0,0.0
1745428512.189182626,true,240.3,0.0,0.0,0.1,0.8,0.0,-0.0,0.0,0.0,0.0,-0.0,0.8,187.7,0.0,0.0
1745428512.199432376,true,240.4,0.0,0.0,0.1,1.2,0.0,-0.0,0.0,-0.0,0.0,-0.0,0.8,182.7,0.0,0.0
1745428512.209182680,true,240.4,0.0,0.0,0.1,1.2,0.0,-0.0,0.0,-0.0,0.0,-0.0,0.8,182.7,0.0,0.0
1745428512.219433405,true,240.4,0.0,0.0,0.1,1.2,0.0,-0.0,0.0,-0.0,0.0,-0.0,0.8,182.7,0.0,0.0
1745428512.229183505,true,240.4,0.0,0.0,0.1,1.2,0.0,-0.0,0.0,-0.0,0.0,-0.0,0.8,182.7,0.0,0.0
1745428512.239307871,true,239.6,0.0,0.0,0.1,1.2,0.0,0.0,0.0,0.0,0.0,-0.0,0.8,181.6,0.0,0.0
1745428512.249057945,true,240.4,0.0,0.0,0.1,1.2,0.0,0.0,0.0,0.0,0.0,-0.0,0.8,182.7,0.0,0.0
1745428512.259310604,true,240.4,0.0,0.0,0.1,1.2,0.0,0.0,0.0,0.0,0.0,-0.0,0.8,182.7,0.0,0.0
1745428512.269057925,true,240.4,0.0,0.0,0.1,1.2,0.0,0.0,0.0,0.0,0.0,-0.0,0.8,182.7,0.0,0.0
1745428512.279309862,true,240.3,0.0,0.0,0.1,1.0,0.0,-0.0,0.0,0.0,0.0,-0.0,0.8,183.1,0.0,0.0
1745428512.289062679,true,240.3,0.0,0.0,0.1,1.0,0.0,-0.0,0.0,0.0,0.0,-0.0,0.8,183.1,0.0,0.0
1745428512.299183877,true,239.6,0.0,0.0,0.1,1.0,0.0,-0.0,0.0,0.0,0.0,-0.0,0.8,182.0,0.0,0.0
1745428512.309059048,true,240.3,0.0,0.0,0.1,1.0,0.0,-0.0,0.0,0.0,0.0,-0.0,0.8,183.1,0.0,0.0
1745428512.319186404,true,240.4,0.0,0.0,0.1,1.0,0.0,0.0,0.0,-0.0,0.0,-0.0,0.8,183.1,0.0,0.0
1745428512.329058646,true,240.4,0.0,0.0,0.1,1.0,0.0,0.0,0.0,-0.0,0.0,-0.0,0.8,183.1,0.0,0.0
1745428512.339187744,true,240.4,0.0,0.0,0.1,1.0,0.0,0.0,0.0,-0.0,0.0,-0.0,0.8,183.1,0.0,0.0
1745428512.348934730,true,240.4,0.0,0.0,0.1,1.0,0.0,0.0,0.0,-0.0,0.0,-0.0,0.8,183.1,0.0,0.0
1745428512.359184002,true,239.4,0.0,0.0,0.1,1.0,0.0,-0.0,0.0,0.0,0.0,-0.0,0.8,187.7,0.0,0.0
1745428512.368809005,true,240.2,0.0,0.0,0.1,1.0,0.0,-0.0,0.0,0.0,0.0,-0.0,0.8,188.9,0.0,0.0
1745428512.379059340,true,240.2,0.0,0.0,0.1,1.0,0.0,-0.0,0.0,0.0,0.0,-0.0,0.8,188.9,0.0,0.0
1745428512.388812362,true,240.2,0.0,0.0,0.1,1.0,0.0,-0.0,0.0,0.0,0.0,-0.0,0.8,188.9,0.0,0.0
1745428512.399059007,true,240.4,0.0,0.0,0.1,0.7,0.0,-0.0,0.0,0.0,0.0,-0.0,0.8,182.6,0.0,0.0
1745428512.408809440,true,240.4,0.0,0.0,0.1,0.7,0.0,-0.0,0.0,0.0,0.0,-0.0,0.8,182.6,0.0,0.0
1745428512.419064100,true,239.6,0.0,0.0,0.1,0.7,0.0,-0.0,0.0,0.0,0.0,-0.0,0.8,181.4,0.0,0.0
1745428512.429308248,true,241.1,0.0,0.0,0.1,0.7,0.0,-0.0,0.0,0.0,0.0,-0.0,0.8,183.8,0.0,0.0
1745428512.439058859,true,239.6,0.0,0.0,0.1,0.9,0.0,0.0,0.0,0.0,0.0,-0.0,0.8,182.6,0.0,0.0
1745428512.449308771,true,240.4,0.0,0.0,0.1,0.9,0.0,0.0,0.0,0.0,0.0,-0.0,0.8,183.8,0.0,0.0
1745428512.459060173,true,240.4,0.0,0.0,0.1,0.9,0.0,0.0,0.0,0.0,0.0,-0.0,0.8,183.8,0.0,0.0
1745428512.469187502,true,240.4,0.0,0.0,0.1,0.9,0.0,0.0,0.0,0.0,0.0,-0.0,0.8,183.8,0.0,0.0
1745428512.479058206,true,240.2,0.0,0.0,0.1,1.4,0.0,0.0,0.0,0.0,0.0,-0.0,0.8,184.2,0.0,0.0
1745428512.489184424,true,240.2,0.0,0.0,0.1,1.4,0.0,0.0,0.0,0.0,0.0,-0.0,0.8,184.2,0.0,0.0
1745428512.498937268,true,239.4,0.0,0.0,0.1,1.4,0.0,0.0,0.0,0.0,0.0,-0.0,0.8,183.1,0.0,0.0
1745428512.509184654,true,240.2,0.0,0.0,0.1,1.4,0.0,0.0,0.0,0.0,0.0,-0.0,0.8,184.2,0.0,0.0
1745428512.518934564,true,240.2,0.0,0.0,0.1,1.2,0.0,-0.0,0.0,0.0,0.0,-0.0,0.8,183.5,0.0,0.0
1745428512.529185293,true,240.2,0.0,0.0,0.1,1.2,0.0,-0.0,0.0,0.0,0.0,-0.0,0.8,183.5,0.0,0.0
1745428512.538808875,true,240.2,0.0,0.0,0.1,1.2,0.0,-0.0,0.0,0.0,0.0,-0.0,0.8,183.5,0.0,0.0
1745428512.549060738,true,240.2,0.0,0.0,0.1,1.2,0.0,-0.0,0.0,0.0,0.0,-0.0,0.8,183.5,0.0,0.0
1745428512.558810934,true,239.5,0.0,0.0,0.1,0.7,0.0,0.0,0.0,0.0,0.0,-0.0,0.8,181.6,0.0,0.0
1745428512.569060943,true,240.3,0.0,0.0,0.1,0.7,0.0,0.0,0.0,0.0,0.0,-0.0,0.8,182.7,0.0,0.0
1745428512.578809879,true,240.3,0.0,0.0,0.1,0.7,0.0,0.0,0.0,0.0,0.0,-0.0,0.8,182.7,0.0,0.0
1745428512.589060815,true,240.3,0.0,0.0,0.1,0.7,0.0,0.0,0.0,0.0,0.0,-0.0,0.8,182.7,0.0,0.0
1745428512.598809737,true,240.2,0.0,0.0,0.1,1.0,0.0,0.0,0.0,0.0,0.0,-0.0,0.8,182.8,0.0,0.0
1745428512.609061657,true,239.4,0.0,0.0,0.1,1.0,0.0,0.0,0.0,0.0,0.0,-0.0,0.8,181.6,0.0,0.0
1745428512.618685629,true,240.2,0.0,0.0,0.1,1.0,0.0,0.0,0.0,0.0,0.0,-0.0,0.8,182.8,0.0,0.0
1745428512.629058778,true,240.2,0.0,0.0,0.1,1.0,0.0,0.0,0.0,0.0,0.0,-0.0,0.8,182.8,0.0,0.0
1745428512.638686322,true,240.4,0.0,0.0,0.1,1.1,0.0,0.0,0.0,-0.0,0.0,-0.0,0.8,183.8,0.0,0.0
1745428512.648936096,true,240.4,0.0,0.0,0.1,1.1,0.0,0.0,0.0,-0.0,0.0,-0.0,0.8,183.8,0.0,0.0
1745428512.659185259,true,240.4,0.0,0.0,0.1,1.1,0.0,0.0,0.0,-0.0,0.0,-0.0,0.8,183.8,0.0,0.0
1745428512.668940084,true,240.4,0.0,0.0,0.1,1.1,0.0,0.0,0.0,-0.0,0.0,-0.0,0.8,183.8,0.0,0.0
1745428512.679185839,true,239.7,0.0,0.0,0.1,0.9,0.0,0.0,0.0,0.0,0.0,-0.0,0.8,182.3,0.0,0.0
1745428512.688934817,true,240.4,0.0,0.0,0.1,0.9,0.0,0.0,0.0,0.0,0.0,-0.0,0.8,183.5,0.0,0.0
1745428512.699186426,true,240.4,0.0,0.0,0.1,0.9,0.0,0.0,0.0,0.0,0.0,-0.0,0.8,183.5,0.0,0.0
1745428512.708811889,true,240.4,0.0,0.0,0.1,0.9,0.0,0.0,0.0,0.0,0.0,-0.0,0.8,183.5,0.0,0.0
1745428512.719060118,true,240.4,0.0,0.0,0.1,1.0,0.0,0.0,0.0,0.0,0.0,-0.0,0.8,182.4,0.0,0.0
1745428512.728812399,true,240.4,0.0,0.0,0.1,1.0,0.0,0.0,0.0,0.0,0.0,-0.0,0.8,182.4,0.0,0.0
1745428512.739064178,true,239.7,0.0,0.0,0.1,1.0,0.0,0.0,0.0,0.0,0.0,-0.0,0.8,181.3,0.0,0.0
1745428512.748811003,true,240.4,0.0,0.0,0.1,1.0,0.0,0.0,0.0,0.0,0.0,-0.0,0.8,182.4,0.0,0.0
1745428512.759062248,true,240.4,0.0,0.0,0.1,0.9,0.0,0.0,0.0,0.0,0.0,-0.0,0.8,184.0,0.0,0.0
1745428512.768688142,true,240.4,0.0,0.0,0.1,0.9,0.0,0.0,0.0,0.0,0.0,-0.0,0.8,184.0,0.0,0.0
1745428512.779060681,true,240.4,0.0,0.0,0.1,0.9,0.0,0.0,0.0,0.0,0.0,-0.0,0.8,184.0,0.0,0.0
1745428512.788687881,true,240.4,0.0,0.0,0.1,0.9,0.0,0.0,0.0,0.0,0.0,-0.0,0.8,184.0,0.0,0.0
1745428512.799062636,true,239.6,0.0,0.0,0.1,1.0,0.0,-0.0,0.0,0.0,0.0,-0.0,0.8,183.0,0.0,0.0
1745428512.808687897,true,240.4,0.0,0.0,0.1,1.1,0.0,-0.0,0.0,0.0,0.0,-0.0,0.8,184.2,0.0,0.0
1745428512.818937319,true,240.4,0.0,0.0,0.1,1.1,0.0,-0.0,0.0,0.0,0.0,-0.0,0.8,184.2,0.0,0.0
1745428512.828686416,true,240.4,0.0,0.0,0.1,1.1,0.0,-0.0,0.0,0.0,0.0,-0.0,0.8,184.2,0.0,0.0
1745428512.838939214,true,240.4,0.0,0.0,0.1,1.2,0.0,0.0,0.0,0.0,0.0,-0.0,0.8,183.7,0.0,0.0
1745428512.848687872,true,240.4,0.0,0.0,0.1,1.2,0.0,0.0,0.0,0.0,0.0,-0.0,0.8,183.7,0.0,0.0
1745428512.858814504,true,239.6,0.0,0.0,0.1,1.2,0.0,0.0,0.0,0.0,0.0,-0.0,0.8,182.5,0.0,0.0
1745428512.868561796,true,240.4,0.0,0.0,0.1,1.2,0.0,0.0,0.0,0.0,0.0,-0.0,0.8,183.7,0.0,0.0
1745428512.878813811,true,240.4,0.0,0.0,0.1,1.1,0.0,0.0,0.0,0.0,0.0,-0.0,0.8,182.5,0.0,0.0
1745428512.888560964,true,240.4,0.0,0.0,0.1,1.1,0.0,0.0,0.0,0.0,0.0,-0.0,0.8,182.5,0.0,0.0
1745428512.898811299,true,240.4,0.0,0.0,0.1,1.1,0.0,0.0,0.0,0.0,0.0,-0.0,0.8,182.5,0.0,0.0
1745428512.909066396,true,240.4,0.0,0.0,0.1,1.1,0.0,0.0,0.0,0.0,0.0,-0.0,0.8,182.5,0.0,0.0
1745428512.918814004,true,239.7,0.0,0.0,0.1,1.0,0.0,0.0,0.0,0.0,0.0,-0.0,0.8,180.5,0.0,0.0
1745428512.929062022,true,240.4,0.0,0.0,0.1,1.0,0.0,0.0,0.0,0.0,0.0,-0.0,0.8,181.6,0.0,0.0
1745428512.938688085,true,240.4,0.0,0.0,0.1,1.0,0.0,0.0,0.0,0.0,0.0,-0.0,0.8,181.6,0.0,0.0
1745428512.949062289,true,240.4,0.0,0.0,0.1,1.0,0.0,0.0,0.0,0.0,0.0,-0.0,0.8,181.6,0.0,0.0
1745428512.958687090,true,240.4,0.0,0.0,0.1,0.9,0.0,0.0,0.0,0.0,0.0,-0.0,0.8,183.4,0.0,0.0
1745428512.969064394,true,240.4,0.0,0.0,0.1,0.9,0.0,0.0,0.0,0.0,0.0,-0.0,0.8,183.4,0.0,0.0
1745428512.978689352,true,239.6,0.0,0.0,0.1,0.9,0.0,0.0,0.0,0.0,0.0,-0.0,0.8,182.2,0.0,0.0
1745428512.988937459,true,240.4,0.0,0.0,0.1,0.9,0.0,0.0,0.0,0.0,0.0,-0.0,0.8,183.4,0.0,0.0
1745428512.998690079,true,240.4,0.0,0.0,0.1,1.3,0.0,0.0,0.0,-0.0,0.0,-0.0,0.8,185.2,0.0,0.0
1745428513.008940814,true,240.4,0.0,0.0,0.1,1.3,0.0,0.0,0.0,-0.0,0.0,-0.0,0.8,185.2,0.0,0.0
1745428513.018562574,true,240.4,0.0,0.0,0.1,1.3,0.0,0.0,0.0,-0.0,0.0,-0.0,0.8,185.2,0.0,0.0
1745428513.028813697,true,240.4,0.0,0.0,0.1,1.3,0.0,0.0,0.0,-0.0,0.0,-0.0,0.8,185.2,0.0,0.0
1745428513.038564496,true,239.6,0.0,0.0,0.1,1.2,0.0,0.0,0.0,0.0,0.0,-0.0,0.8,181.2,0.0,0.0
1745428513.048814954,true,240.4,0.0,0.0,0.1,1.2,0.0,0.0,0.0,0.0,0.0,-0.0,0.8,182.3,0.0,0.0
1745428513.058564818,true,240.4,0.0,0.0,0.1,1.2,0.0,0.0,0.0,0.0,0.0,-0.0,0.8,182.3,0.0,0.0
1745428513.068814513,true,240.4,0.0,0.0,0.1,1.2,0.0,0.0,0.0,0.0,0.0,-0.0,0.8,182.3,0.0,0.0
1745428513.078564888,true,240.3,0.0,0.0,0.1,0.8,0.0,-0.0,0.0,0.0,0.0,-0.1,0.8,183.3,0.0,0.0
1745428513.088815605,true,240.3,0.0,0.0,0.1,0.8,0.0,-0.0,0.0,0.0,0.0,-0.1,0.8,183.3,0.0,0.0
1745428513.098441096,true,239.6,0.0,0.0,0.1,0.8,0.0,-0.0,0.0,0.0,0.0,-0.1,0.8,182.1,0.0,0.0
1745428513.108689885,true,240.3,0.0,0.0,0.1,0.8,0.0,-0.0,0.0,0.0,0.0,-0.1,0.8,183.3,0.0,0.0
1745428513.118439902,true,240.4,0.0,0.0,0.1,0.8,0.0,0.0,0.0,0.0,0.0,-0.0,0.8,182.9,0.0,0.0
1745428513.128690193,true,240.4,0.0,0.0,0.1,0.8,0.0,0.0,0.0,0.0,0.0,-0.0,0.8,182.9,0.0,0.0
1745428513.138939054,true,240.4,0.0,0.0,0.1,0.8,0.0,0.0,0.0,0.0,0.0,-0.0,0.8,182.9,0.0,0.0
1745428513.148692621,true,240.4,0.0,0.0,0.1,0.8,0.0,0.0,0.0,0.0,0.0,-0.0,0.8,182.9,0.0,0.0
1745428513.158938747,true,239.6,0.0,0.0,0.1,1.2,0.0,-0.0,0.0,0.0,0.0,-0.0,0.8,180.8,0.0,0.0
1745428513.168689479,true,240.4,0.0,0.0,0.1,1.2,0.0,-0.0,0.0,0.0,0.0,-0.0,0.8,181.9,0.0,0.0
1745428513.178819049,true,240.4,0.0,0.0,0.1,1.2,0.0,-0.0,0.0,0.0,0.0,-0.0,0.8,181.9,0.0,0.0
1745428513.188565273,true,240.4,0.0,0.0,0.1,1.2,0.0,-0.0,0.0,0.0,0.0,-0.0,0.8,181.9,0.0,0.0
1745428513.198814260,true,240.4,0.0,0.0,0.1,1.1,0.0,0.0,0.0,0.0,0.0,-0.0,0.8,188.7,0.0,0.0
1745428513.208568126,true,240.4,0.0,0.0,0.1,1.1,0.0,0.0,0.0,0.0,0.0,-0.0,0.8,188.7,0.0,0.0
1745428513.218815304,true,239.6,0.0,0.0,0.1,1.1,0.0,0.0,0.0,0.0,0.0,-0.0,0.8,187.5,0.0,0.0
1745428513.228565126,true,240.4,0.0,0.0,0.1,1.1,0.0,0.0,0.0,0.0,0.0,-0.0,0.8,188.7,0.0,0.0
1745428513.238816206,true,240.4,0.0,0.0,0.1,1.1,0.0,-0.0,0.0,0.0,0.0,0.0,0.8,184.3,0.0,0.0
1745428513.248440788,true,240.4,0.0,0.0,0.1,1.1,0.0,-0.0,0.0,0.0,0.0,0.0,0.8,184.3,0.0,0.0
1745428513.258691809,true,240.4,0.0,0.0,0.1,1.1,0.0,-0.0,0.0,0.0,0.0,0.0,0.8,184.3,0.0,0.0
1745428513.268440217,true,240.4,0.0,0.0,0.1,1.1,0.0,-0.0,0.0,0.0,0.0,0.0,0.8,184.3,0.0,0.0
1745428513.278691536,true,239.5,0.0,0.0,0.1,1.0,0.0,-0.0,0.0,0.0,0.0,-0.0,0.8,186.5,0.0,0.0
1745428513.288441037,true,240.3,0.0,0.0,0.1,1.0,0.0,-0.0,0.0,0.0,0.0,-0.0,0.8,187.7,0.0,0.0
1745428513.298692668,true,240.3,0.0,0.0,0.1,1.0,0.0,-0.0,0.0,0.0,0.0,-0.0,0.8,187.7,0.0,0.0
1745428513.308445511,true,240.3,0.0,0.0,0.1,1.0,0.0,-0.0,0.0,0.0,0.0,-0.0,0.8,187.7,0.0,0.0
1745428513.318689548,true,240.4,0.0,0.0,0.1,1.1,0.0,-0.0,0.0,0.0,0.0,-0.0,0.8,188.4,0.0,0.0
1745428513.328315562,true,240.4,0.0,0.0,0.1,1.1,0.0,-0.0,0.0,0.0,0.0,-0.0,0.8,188.4,0.0,0.0
1745428513.338568740,true,239.6,0.0,0.0,0.1,1.1,0.0,-0.0,0.0,0.0,0.0,-0.0,0.8,187.2,0.0,0.0
1745428513.348315557,true,240.4,0.0,0.0,0.1,1.1,0.0,-0.0,0.0,0.0,0.0,-0.0,0.8,188.4,0.0,0.0
1745428513.358566781,true,240.4,0.0,0.0,0.1,1.2,0.0,0.0,0.0,0.0,0.0,-0.0,0.8,182.6,0.0,0.0
1745428513.368315713,true,240.4,0.0,0.0,0.1,1.2,0.0,0.0,0.0,0.0,0.0,-0.0,0.8,182.6,0.0,0.0
1745428513.378567409,true,240.4,0.0,0.0,0.1,1.2,0.0,0.0,0.0,0.0,0.0,-0.0,0.8,182.6,0.0,0.0
1745428513.388816444,true,240.4,0.0,0.0,0.1,1.2,0.0,0.0,0.0,0.0,0.0,-0.0,0.8,182.6,0.0,0.0
1745428513.398567718,true,239.6,0.0,0.0,0.1,1.1,0.0,0.0,0.0,0.0,0.0,-0.0,0.8,184.9,0.0,0.0
1745428513.408817811,true,240.3,0.0,0.0,0.1,1.1,0.0,0.0,0.0,0.0,0.0,-0.0,0.8,186.1,0.0,0.0
1745428513.418442895,true,240.3,0.0,0.0,0.1,1.1,0.0,0.0,0.0,0.0,0.0,-0.0,0.8,186.1,0.0,0.0
1745428513.428691944,true,240.3,0.0,0.0,0.1,1.1,0.0,0.0,0.0,0.0,0.0,-0.0,0.8,186.1,0.0,0.0
1745428513.438445234,true,240.3,0.0,0.0,0.1,1.1,0.0,-0.0,0.0,0.0,0.0,0.0,0.8,182.3,0.0,0.0
1745428513.448691603,true,240.3,0.0,0.0,0.1,1.1,0.0,-0.0,0.0,0.0,0.0,0.0,0.8,182.3,0.0,0.0
1745428513.458443000,true,239.6,0.0,0.0,0.1,1.1,0.0,-0.0,0.0,0.0,0.0,0.0,0.8,181.1,0.0,0.0
1745428513.468692071,true,240.3,0.0,0.0,0.1,1.1,0.0,-0.0,0.0,0.0,0.0,0.0,0.8,182.3,0.0,0.0
1745428513.478443428,true,240.4,0.0,0.0,0.1,0.9,0.0,0.0,0.0,0.0,0.0,0.0,0.8,182.1,0.0,0.0
1745428513.488566905,true,240.4,0.0,0.0,0.1,0.9,0.0,0.0,0.0,0.0,0.0,0.0,0.8,182.1,0.0,0.0
1745428513.498318200,true,240.4,0.0,0.0,0.1,0.9,0.0,0.0,0.0,0.0,0.0,0.0,0.8,182.1,0.0,0.0
1745428513.508568290,true,240.4,0.0,0.0,0.1,0.9,0.0,0.0,0.0,0.0,0.0,0.0,0.8,182.1,0.0,0.0
1745428513.518315963,true,239.6,0.0,0.0,0.1,1.2,0.0,-0.0,0.0,0.0,0.0,-0.0,0.8,185.2,0.0,0.0
1745428513.528567708,true,240.3,0.0,0.0,0.1,1.2,0.0,-0.0,0.0,0.0,0.0,-0.0,0.8,186.4,0.0,0.0
1745428513.538320036,true,240.3,0.0,0.0,0.1,1.2,0.0,-0.0,0.0,0.0,0.0,-0.0,0.8,186.4,0.0,0.0
1745428513.548568034,true,240.3,0.0,0.0,0.1,1.2,0.0,-0.0,0.0,0.0,0.0,-0.0,0.8,186.4,0.0,0.0
1745428513.558193147,true,240.4,0.0,0.0,0.1,0.7,0.0,-0.0,0.0,0.0,0.0,-0.0,0.8,183.0,0.0,0.0
1745428513.568445957,true,240.4,0.0,0.0,0.1,0.7,0.0,-0.0,0.0,0.0,0.0,-0.0,0.8,183.0,0.0,0.0
1745428513.578192419,true,239.7,0.0,0.0,0.1,0.7,0.0,-0.0,0.0,0.0,0.0,-0.0,0.8,181.9,0.0,0.0
1745428513.588446072,true,240.4,0.0,0.0,0.1,0.7,0.0,-0.0,0.0,0.0,0.0,-0.0,0.8,183.0,0.0,0.0
1745428513.598194466,true,240.4,0.0,0.0,0.1,1.3,0.0,0.0,0.0,0.0,0.0,-0.0,0.8,181.2,0.0,0.0
1745428513.608443717,true,240.4,0.0,0.0,0.1,1.3,0.0,0.0,0.0,0.0,0.0,-0.0,0.8,181.2,0.0,0.0
1745428513.618694206,true,240.4,0.0,0.0,0.1,1.3,0.0,0.0,0.0,0.0,0.0,-0.0,0.8,181.2,0.0,0.0
1745428513.628443567,true,240.4,0.0,0.0,0.1,1.3,0.0,0.0,0.0,0.0,0.0,-0.0,0.8,181.2,0.0,0.0
1745428513.638692662,true,239.6,0.0,0.0,0.1,1.0,0.0,-0.0,0.0,0.0,0.0,-0.0,0.8,184.3,0.0,0.0
1745428513.648318597,true,240.4,0.0,0.0,0.1,1.0,0.0,-0.0,0.0,0.0,0.0,-0.0,0.8,185.5,0.0,0.0
1745428513.658569224,true,240.4,0.0,0.0,0.1,1.0,0.0,-0.0,0.0,0.0,0.0,-0.0,0.8,185.5,0.0,0.0
1745428513.668322431,true,240.4,0.0,0.0,0.1,1.0,0.0,-0.0,0.0,0.0,0.0,-0.0,0.8,185.5,0.0,0.0
1745428513.678569542,true,240.4,0.0,0.0,0.1,1.1,0.0,0.0,0.0,-0.0,0.0,-0.0,0.8,186.3,0.0,0.0
1745428513.688335395,true,240.4,0.0,0.0,0.1,1.1,0.0,0.0,0.0,-0.0,0.0,-0.0,0.8,186.3,0.0,0.0
1745428513.698569297,true,239.6,0.0,0.0,0.1,1.1,0.0,0.0,0.0,-0.0,0.0,-0.0,0.8,185.1,0.0,0.0
1745428513.708319311,true,241.2,0.0,0.0,0.1,1.1,0.0,0.0,0.0,-0.0,0.0,-0.0,0.8,187.5,0.0,0.0
1745428513.718445157,true,239.7,0.0,0.0,0.1,0.8,0.0,0.0,0.0,0.0,0.0,-0.0,0.8,181.3,0.0,0.0
1745428513.728195510,true,240.5,0.0,0.0,0.1,0.8,0.0,0.0,0.0,0.0,0.0,-0.0,0.8,182.5,0.0,0.0
1745428513.738441168,true,240.5,0.0,0.0,0.1,0.8,0.0,0.0,0.0,0.0,0.0,-0.0,0.8,182.5,0.0,0.0
1745428513.748191832,true,240.5,0.0,0.0,0.1,0.8,0.0,0.0,0.0,0.0,0.0,-0.0,0.8,182.5,0.0,0.0
1745428513.758446623,true,239.6,0.0,0.0,0.1,1.0,0.0,-0.0,0.0,0.0,0.0,-0.0,0.8,181.7,0.0,0.0
1745428513.768195702,true,240.4,0.0,0.0,0.1,1.1,0.0,-0.0,0.0,0.0,0.0,-0.0,0.8,182.8,0.0,0.0
1745428513.778444830,true,240.4,0.0,0.0,0.1,1.1,0.0,-0.0,0.0,0.0,0.0,-0.0,0.8,182.8,0.0,0.0
1745428513.788193972,true,240.4,0.0,0.0,0.1,1.1,0.0,-0.0,0.0,0.0,0.0,-0.0,0.8,182.8,0.0,0.0
1745428513.798459700,true,240.4,0.0,0.0,0.1,1.2,0.0,-0.0,0.0,0.0,0.0,-0.0,0.8,183.6,0.0,0.0
1745428513.808208225,true,240.4,0.0,0.0,0.1,1.2,0.0,-0.0,0.0,0.0,0.0,-0.0,0.8,183.6,0.0,0.0
1745428513.818318847,true,239.7,0.0,0.0,0.1,1.1,0.0,-0.0,0.0,0.0,0.0,-0.0,0.8,182.4,0.0,0.0
1745428513.828070950,true,240.4,0.0,0.0,0.1,1.2,0.0,-0.0,0.0,0.0,0.0,-0.0,0.8,183.6,0.0,0.0
1745428513.838321981,true,240.4,0.0,0.0,0.1,1.1,0.0,-0.0,0.0,0.0,0.0,-0.0,0.8,187.0,0.0,0.0
1745428513.848070278,true,240.4,0.0,0.0,0.1,1.1,0.0,-0.0,0.0,0.0,0.0,-0.0,0.8,187.0,0.0,0.0
1745428513.858320074,true,240.4,0.0,0.0,0.1,1.1,0.0,-0.0,0.0,0.0,0.0,-0.0,0.8,187.0,0.0,0.0
1745428513.868571683,true,240.4,0.0,0.0,0.1,1.1,0.0,-0.0,0.0,0.0,0.0,-0.0,0.8,187.0,0.0,0.0
1745428513.878318772,true,239.6,0.0,0.0,0.1,1.0,0.0,0.0,0.0,0.0,0.0,-0.0,0.8,181.3,0.0,0.0
1745428513.888569017,true,240.4,0.0,0.0,0.1,1.0,0.0,0.0,0.0,0.0,0.0,-0.0,0.8,182.4,0.0,0.0
1745428513.898196185,true,240.4,0.0,0.0,0.1,1.0,0.0,0.0,0.0,0.0,0.0,-0.0,0.8,182.4,0.0,0.0
1745428513.908445637,true,240.4,0.0,0.0,0.1,1.0,0.0,0.0,0.0,0.0,0.0,-0.0,0.8,182.4,0.0,0.0
1745428513.918198586,true,240.5,0.0,0.0,0.1,1.2,0.0,-0.0,0.0,0.0,0.0,-0.0,0.8,181.7,0.0,0.0
1745428513.928450862,true,240.5,0.0,0.0,0.1,1.2,0.0,-0.0,0.0,0.0,0.0,-0.0,0.8,181.7,0.0,0.0
1745428513.938196638,true,240.5,0.0,0.0,0.1,1.2,0.0,-0.0,0.0,0.0,0.0,-0.0,0.8,181.7,0.0,0.0
1745428513.948444606,true,240.5,0.0,0.0,0.1,1.2,0.0,-0.0,0.0,0.0,0.0,-0.0,0.8,181.7,0.0,0.0
1745428513.958071106,true,239.7,0.0,0.0,0.1,1.0,0.0,0.0,0.0,0.0,0.0,-0.0,0.8,182.6,0.0,0.0
1745428513.968446028,true,240.5,0.0,0.0,0.1,1.0,0.0,0.0,0.0,0.0,0.0,-0.0,0.8,183.8,0.0,0.0
1745428513.978070545,true,240.5,0.0,0.0,0.1,1.0,0.0,0.0,0.0,0.0,0.0,-0.0,0.8,183.8,0.0,0.0
1745428513.988321308,true,240.5,0.0,0.0,0.1,1.0,0.0,0.0,0.0,0.0,0.0,-0.0,0.8,183.8,0.0,0.0
1745428513.998071271,true,240.5,0.0,0.0,0.1,1.2,0.0,0.0,0.0,0.0,0.0,0.0,0.8,183.6,0.0,0.0
1745428514.008322531,true,239.7,0.0,0.0,0.1,1.2,0.0,0.0,0.0,0.0,0.0,0.0,0.8,182.5,0.0,0.0
1745428514.018072648,true,240.5,0.0,0.0,0.1,1.2,0.0,0.0,0.0,0.0,0.0,0.0,0.8,183.6,0.0,0.0
1745428514.028325764,true,240.5,0.0,0.0,0.1,1.2,0.0,0.0,0.0,0.0,0.0,0.0,0.8,183.6,0.0,0.0
1745428514.038572318,true,240.4,0.0,0.0,0.1,1.1,0.0,0.0,0.0,0.0,0.0,-0.0,0.8,183.3,0.0,0.0
1745428514.048196957,true,240.4,0.0,0.0,0.1,1.1,0.0,0.0,0.0,0.0,0.0,-0.0,0.8,183.3,0.0,0.0
1745428514.058073026,true,239.6,0.0,0.0,0.1,1.1,0.0,0.0,0.0,0.0,0.0,-0.0,0.8,182.1,0.0,0.0
1745428514.068196963,true,240.4,0.0,0.0,0.1,1.1,0.0,0.0,0.0,0.0,0.0,-0.0,0.8,183.3,0.0,0.0
1745428514.077946369,true,240.3,0.0,0.0,0.1,1.1,0.0,0.0,0.0,0.0,0.0,-0.0,0.8,182.9,0.0,0.0
1745428514.088194980,true,240.3,0.0,0.0,0.1,1.1,0.0,0.0,0.0,0.0,0.0,-0.0,0.8,182.9,0.0,0.0
1745428514.098448163,true,240.3,0.0,0.0,0.1,1.1,0.0,0.0,0.0,0.0,0.0,-0.0,0.8,182.9,0.0,0.0
1745428514.108197441,true,240.3,0.0,0.0,0.1,1.1,0.0,0.0,0.0,0.0,0.0,-0.0,0.8,182.9,0.0,0.0
1745428514.118445898,true,239.5,0.0,0.0,0.1,0.9,0.0,0.0,0.0,0.0,0.0,-0.0,0.8,179.6,0.0,0.0
1745428514.128072681,true,240.3,0.0,0.0,0.1,0.9,0.0,0.0,0.0,0.0,0.0,-0.0,0.8,180.8,0.0,0.0
1745428514.138322906,true,240.3,0.0,0.0,0.1,0.9,0.0,0.0,0.0,0.0,0.0,-0.0,0.8,180.8,0.0,0.0
1745428514.148073218,true,240.3,0.0,0.0,0.1,0.9,0.0,0.0,0.0,0.0,0.0,-0.0,0.8,180.8,0.0,0.0
1745428514.158322519,true,240.4,0.0,0.0,0.1,1.1,0.0,0.0,0.0,0.0,0.0,-0.0,0.8,183.8,0.0,0.0
1745428514.168072325,true,240.4,0.0,0.0,0.1,1.1,0.0,0.0,0.0,0.0,0.0,-0.0,0.8,183.8,0.0,0.0
1745428514.178322545,true,239.6,0.0,0.0,0.1,1.1,0.0,0.0,0.0,0.0,0.0,-0.0,0.8,182.6,0.0,0.0
1745428514.188072891,true,240.4,0.0,0.0,0.1,1.1,0.0,0.0,0.0,0.0,0.0,-0.0,0.8,183.8,0.0,0.0
1745428514.198325120,true,240.4,0.0,0.0,0.1,1.2,0.0,-0.0,0.0,-0.0,0.0,-0.0,0.8,187.3,0.0,0.0
1745428514.208074489,true,240.4,0.0,0.0,0.1,1.2,0.0,-0.0,0.0,-0.0,0.0,-0.0,0.8,187.3,0.0,0.0
1745428514.218202134,true,240.4,0.0,0.0,0.1,1.2,0.0,-0.0,0.0,-0.0,0.0,-0.0,0.8,187.3,0.0,0.0
1745428514.227947590,true,240.4,0.0,0.0,0.1,1.2,0.0,-0.0,0.0,-0.0,0.0,-0.0,0.8,187.3,0.0,0.0
1745428514.238198133,true,239.7,0.0,0.0,0.1,1.0,0.0,0.0,0.0,-0.0,0.0,-0.0,0.8,182.1,0.0,0.0
1745428514.247949861,true,240.4,0.0,0.0,0.1,1.0,0.0,0.0,0.0,-0.0,0.0,-0.0,0.8,183.3,0.0,0.0
1745428514.258199477,true,240.4,0.0,0.0,0.1,1.0,0.0,0.0,0.0,-0.0,0.0,-0.0,0.8,183.3,0.0,0.0
1745428514.267949163,true,240.4,0.0,0.0,0.1,1.0,0.0,0.0,0.0,-0.0,0.0,-0.0,0.8,183.3,0.0,0.0
1745428514.278074915,true,240.2,0.0,0.0,0.1,1.0,0.0,-0.0,0.0,0.0,0.0,-0.0,0.8,182.8,0.0,0.0
1745428514.287823569,true,240.2,0.0,0.0,0.1,1.0,0.0,-0.0,0.0,0.0,0.0,-0.0,0.8,182.8,0.0,0.0
1745428514.298073581,true,239.5,0.0,0.0,0.1,0.9,0.0,-0.0,0.0,0.0,0.0,-0.0,0.8,181.7,0.0,0.0
1745428514.307824419,true,240.2,0.0,0.0,0.1,1.0,0.0,-0.0,0.0,0.0,0.0,-0.0,0.8,182.8,0.0,0.0
1745428514.318078213,true,240.7,0.0,0.0,0.1,0.9,0.0,-0.0,0.0,-0.0,0.0,0.0,0.8,183.6,0.0,0.0
1745428514.327824571,true,240.7,0.0,0.0,0.1,0.9,0.0,-0.0,0.0,-0.0,0.0,0.0,0.8,183.6,0.0,0.0
1745428514.338075389,true,240.7,0.0,0.0,0.1,0.9,0.0,-0.0,0.0,-0.0,0.0,0.0,0.8,183.6,0.0,0.0
1745428514.348324644,true,240.7,0.0,0.0,0.1,0.9,0.0,-0.0,0.0,-0.0,0.0,0.0,0.8,183.6,0.0,0.0
1745428514.358074332,true,240.1,0.0,0.0,0.1,1.2,0.0,-0.0,0.0,0.0,0.0,-0.0,0.8,183.2,0.0,0.0
1745428514.368323899,true,240.9,0.0,0.0,0.1,1.2,0.0,-0.0,0.0,0.0,0.0,-0.0,0.8,184.3,0.0,0.0
1745428514.378073055,true,240.9,0.0,0.0,0.1,1.2,0.0,-0.0,0.0,0.0,0.0,-0.0,0.8,184.3,0.0,0.0
1745428514.388202129,true,240.9,0.0,0.0,0.1,1.2,0.0,-0.0,0.0,0.0,0.0,-0.0,0.8,184.3,0.0,0.0
1745428514.397949445,true,240.9,0.0,0.0,0.1,1.0,0.0,-0.0,0.0,0.0,0.0,-0.0,0.8,184.3,0.0,0.0
1745428514.408199275,true,240.9,0.0,0.0,0.1,1.0,0.0,-0.0,0.0,0.0,0.0,-0.0,0.8,184.3,0.0,0.0
1745428514.417950769,true,240.2,0.0,0.0,0.1,1.0,0.0,-0.0,0.0,0.0,0.0,-0.0,0.8,183.2,0.0,0.0
1745428514.428199467,true,240.9,0.0,0.0,0.1,1.0,0.0,-0.0,0.0,0.0,0.0,-0.0,0.8,184.3,0.0,0.0
1745428514.437823748,true,240.9,0.0,0.0,0.1,1.2,0.0,0.0,0.0,0.0,0.0,-0.0,0.8,182.5,0.0,0.0
1745428514.448075132,true,240.9,0.0,0.0,0.1,1.2,0.0,0.0,0.0,0.0,0.0,-0.0,0.8,182.5,0.0,0.0
1745428514.457826320,true,240.9,0.0,0.0,0.1,1.2,0.0,0.0,0.0,0.0,0.0,-0.0,0.8,182.5,0.0,0.0
1745428514.468074619,true,240.9,0.0,0.0,0.1,1.2,0.0,0.0,0.0,0.0,0.0,-0.0,0.8,182.5,0.0,0.0
1745428514.477823093,true,240.2,0.0,0.0,0.1,1.1,0.0,0.0,0.0,0.0,0.0,-0.0,0.8,180.5,0.0,0.0
1745428514.488075110,true,240.9,0.0,0.0,0.1,1.1,0.0,0.0,0.0,0.0,0.0,-0.0,0.8,181.6,0.0,0.0
1745428514.497825370,true,240.9,0.0,0.0,0.1,1.1,0.0,0.0,0.0,0.0,0.0,-0.0,0.8,181.6,0.0,0.0
1745428514.508075742,true,240.9,0.0,0.0,0.1,1.1,0.0,0.0,0.0,0.0,0.0,-0.0,0.8,181.6,0.0,0.0
1745428514.517705175,true,240.9,0.0,0.0,0.1,0.6,0.0,-0.0,0.0,0.0,0.0,-0.0,0.8,184.0,0.0,0.0
1745428514.528075620,true,240.9,0.0,0.0,0.1,0.6,0.0,-0.0,0.0,0.0,0.0,-0.0,0.8,184.0,0.0,0.0
1745428514.537699897,true,240.1,0.0,0.0,0.1,0.6,0.0,-0.0,0.0,0.0,0.0,-0.0,0.8,182.8,0.0,0.0
1745428514.547954670,true,240.9,0.0,0.0,0.1,0.6,0.0,-0.0,0.0,0.0,0.0,-0.0,0.8,184.0,0.0,0.0
1745428514.558200495,true,240.9,0.0,0.0,0.1,1.1,0.0,0.0,0.0,0.0,0.0,-0.0,0.8,185.2,0.0,0.0
1745428514.567948853,true,240.9,0.0,0.0,0.1,1.1,0.0,0.0,0.0,0.0,0.0,-0.0,0.8,185.2,0.0,0.0
1745428514.578201114,true,240.9,0.0,0.0,0.1,1.1,0.0,0.0,0.0,0.0,0.0,-0.0,0.8,185.2,0.0,0.0
1745428514.587951326,true,240.9,0.0,0.0,0.1,1.1,0.0,0.0,0.0,0.0,0.0,-0.0,0.8,185.2,0.0,0.0
1745428514.598199745,true,240.1,0.0,0.0,0.1,0.9,0.0,0.0,0.0,0.0,0.0,-0.0,0.8,182.2,0.0,0.0
1745428514.607826248,true,240.9,0.0,0.0,0.1,0.9,0.0,0.0,0.0,0.0,0.0,-0.0,0.8,183.3,0.0,0.0
1745428514.617576608,true,240.9,0.0,0.0,0.1,0.9,0.0,0.0,0.0,0.0,0.0,-0.0,0.8,183.3,0.0,0.0
1745428514.627826861,true,240.9,0.0,0.0,0.1,0.9,0.0,0.0,0.0,0.0,0.0,-0.0,0.8,183.3,0.0,0.0
1745428514.638076057,true,240.8,0.0,0.0,0.1,0.7,0.0,0.0,0.0,0.0,0.0,-0.0,0.8,183.5,0.0,0.0
1745428514.647827120,true,240.1,0.0,0.0,0.1,0.7,0.0,0.0,0.0,0.0,0.0,-0.0,0.8,182.3,0.0,0.0
1745428514.658073231,true,240.8,0.0,0.0,0.1,0.7,0.0,0.0,0.0,0.0,0.0,-0.0,0.8,183.5,0.0,0.0
1745428514.667834304,true,240.8,0.0,0.0,0.1,0.7,0.0,0.0,0.0,0.0,0.0,-0.0,0.8,183.5,0.0,0.0
1745428514.678081750,true,240.9,0.0,0.0,0.1,1.1,0.0,0.0,0.0,-0.0,0.0,-0.0,0.8,184.4,0.0,0.0
1745428514.687700016,true,240.9,0.0,0.0,0.1,1.1,0.0,0.0,0.0,-0.0,0.0,-0.0,0.8,184.4,0.0,0.0
1745428514.698078594,true,240.9,0.0,0.0,0.1,1.1,0.0,0.0,0.0,-0.0,0.0,-0.0,0.8,184.4,0.0,0.0
1745428514.707702797,true,240.9,0.0,0.0,0.1,1.1,0.0,0.0,0.0,-0.0,0.0,-0.0,0.8,184.4,0.0,0.0
1745428514.717950346,true,240.0,0.0,0.0,0.1,1.1,0.0,0.0,0.0,0.0,0.0,-0.0,0.8,182.3,0.0,0.0
1745428514.727702100,true,240.8,0.0,0.0,0.1,1.1,0.0,0.0,0.0,0.0,0.0,-0.0,0.8,183.5,0.0,0.0
1745428514.737950488,true,240.8,0.0,0.0,0.1,1.1,0.0,0.0,0.0,0.0,0.0,-0.0,0.8,183.5,0.0,0.0
1745428514.747700684,true,240.8,0.0,0.0,0.1,1.1,0.0,0.0,0.0,0.0,0.0,-0.0,0.8,183.5,0.0,0.0
1745428514.757951475,true,239.9,0.0,0.0,0.1,1.3,0.0,0.0,0.0,0.0,0.0,-0.0,0.8,182.5,0.0,0.0
1745428514.768076531,true,240.7,0.0,0.0,0.1,1.4,0.0,0.0,0.0,0.0,0.0,-0.0,0.8,183.6,0.0,0.0
1745428514.777826033,true,240.7,0.0,0.0,0.1,1.4,0.0,0.0,0.0,0.0,0.0,-0.0,0.8,183.6,0.0,0.0
1745428514.788077009,true,240.7,0.0,0.0,0.1,1.4,0.0,0.0,0.0,0.0,0.0,-0.0,0.8,183.6,0.0,0.0
1745428514.797827121,true,241.0,0.0,0.0,0.1,1.0,0.0,0.0,0.0,0.0,0.0,-0.0,0.8,184.0,0.0,0.0
1745428514.808079890,true,241.0,0.0,0.0,0.1,1.0,0.0,0.0,0.0,0.0,0.0,-0.0,0.8,184.0,0.0,0.0
1745428514.817827737,true,241.0,0.0,0.0,0.1,1.0,0.0,0.0,0.0,0.0,0.0,-0.0,0.8,184.0,0.0,0.0
1745428514.828075330,true,240.2,0.0,0.0,0.1,1.0,0.0,0.0,0.0,0.0,0.0,-0.0,0.8,182.8,0.0,0.0
1745428514.837829741,true,241.0,0.0,0.0,0.1,1.1,0.0,0.0,0.0,0.0,0.0,-0.0,0.8,182.5,0.0,0.0
1745428514.848081164,true,241.0,0.0,0.0,0.1,1.1,0.0,0.0,0.0,0.0,0.0,-0.0,0.8,182.5,0.0,0.0
1745428514.857704716,true,241.0,0.0,0.0,0.1,1.1,0.0,0.0,0.0,0.0,0.0,-0.0,0.8,182.5,0.0,0.0
1745428514.867952238,true,241.0,0.0,0.0,0.1,1.1,0.0,0.0,0.0,0.0,0.0,-0.0,0.8,182.5,0.0,0.0
1745428514.877703103,true,240.2,0.0,0.0,0.1,1.1,0.0,-0.0,0.0,0.0,0.0,-0.0,0.8,180.9,0.0,0.0
1745428514.887952914,true,241.7,0.0,0.0,0.1,1.2,0.0,-0.0,0.0,0.0,0.0,-0.0,0.8,183.2,0.0,0.0
1745428514.897703348,true,240.2,0.0,0.0,0.1,1.1,0.0,-0.0,0.0,0.0,0.0,-0.0,0.8,180.9,0.0,0.0
1745428514.907957957,true,241.0,0.0,0.0,0.1,1.2,0.0,-0.0,0.0,0.0,0.0,-0.0,0.8,182.1,0.0,0.0
1745428514.917578740,true,240.9,0.0,0.0,0.1,0.9,0.0,0.0,0.0,0.0,0.0,-0.0,0.8,183.4,0.0,0.0
1745428514.927826819,true,240.9,0.0,0.0,0.1,0.9,0.0,0.0,0.0,0.0,0.0,-0.0,0.8,183.4,0.0,0.0
1745428514.937584846,true,240.2,0.0,0.0,0.1,0.9,0.0,0.0,0.0,0.0,0.0,-0.0,0.8,182.3,0.0,0.0
1745428514.947829171,true,241.7,0.0,0.0,0.1,0.9,0.0,0.0,0.0,0.0,0.0,-0.0,0.8,184.6,0.0,0.0
1745428514.957578910,true,240.3,0.0,0.0,0.1,1.0,0.0,-0.0,0.0,0.0,0.0,-0.0,0.8,181.0,0.0,0.0
1745428514.967829284,true,241.1,0.0,0.0,0.1,1.0,0.0,-0.0,0.0,0.0,0.0,-0.0,0.8,182.2,0.0,0.0
1745428514.978078746,true,241.1,0.0,0.0,0.1,1.0,0.0,-0.0,0.0,0.0,0.0,-0.0,0.8,182.2,0.0,0.0
1745428514.987827631,true,241.1,0.0,0.0,0.1,1.0,0.0,-0.0,0.0,0.0,0.0,-0.0,0.8,182.2,0.0,0.0
1745428514.998079058,true,241.0,0.0,0.0,0.1,1.2,0.0,-0.0,0.0,0.0,0.0,-0.0,0.8,189.8,0.0,0.0
1745428515.007704853,true,241.0,0.0,0.0,0.1,1.2,0.0,-0.0,0.0,0.0,0.0,-0.0,0.8,189.8,0.0,0.0
1745428515.018077218,true,240.3,0.0,0.0,0.1,1.2,0.0,-0.0,0.0,0.0,0.0,-0.0,0.8,188.6,0.0,0.0
1745428515.027703768,true,241.0,0.0,0.0,0.1,1.2,0.0,-0.0,0.0,0.0,0.0,-0.0,0.8,189.8,0.0,0.0
1745428515.037953640,true,241.0,0.0,0.0,0.1,1.3,0.0,-0.0,0.0,-0.0,0.0,-0.0,0.8,188.9,0.0,0.0
1745428515.047704275,true,241.0,0.0,0.0,0.1,1.3,0.0,-0.0,0.0,-0.0,0.0,-0.0,0.8,188.9,0.0,0.0
1745428515.057954211,true,240.2,0.0,0.0,0.1,1.2,0.0,-0.0,0.0,-0.0,0.0,-0.0,0.8,187.7,0.0,0.0
1745428515.067705691,true,241.0,0.0,0.0,0.1,1.3,0.0,-0.0,0.0,-0.0,0.0,-0.0,0.8,188.9,0.0,0.0
1745428515.077828980,true,240.9,0.0,0.0,0.1,0.8,0.0,0.0,0.0,0.0,0.0,-0.0,0.8,183.8,0.0,0.0
1745428515.087580358,true,240.9,0.0,0.0,0.1,0.8,0.0,0.0,0.0,0.0,0.0,-0.0,0.8,183.8,0.0,0.0
1745428515.097835220,true,240.9,0.0,0.0,0.1,0.8,0.0,0.0,0.0,0.0,0.0,-0.0,0.8,183.8,0.0,0.0
1745428515.107579723,true,240.9,0.0,0.0,0.1,0.8,0.0,0.0,0.0,0.0,0.0,-0.0,0.8,183.8,0.0,0.0
1745428515.117829969,true,240.1,0.0,0.0,0.1,0.9,0.0,0.0,0.0,0.0,0.0,-0.0,0.8,186.2,0.0,0.0
1745428515.127583139,true,240.9,0.0,0.0,0.1,0.9,0.0,0.0,0.0,0.0,0.0,-0.0,0.8,187.4,0.0,0.0
1745428515.137830349,true,240.9,0.0,0.0,0.1,0.9,0.0,0.0,0.0,0.0,0.0,-0.0,0.8,187.4,0.0,0.0
1745428515.147455633,true,240.9,0.0,0.0,0.1,0.9,0.0,0.0,0.0,0.0,0.0,-0.0,0.8,187.4,0.0,0.0
1745428515.157707692,true,240.9,0.0,0.0,0.1,1.2,0.0,-0.0,0.0,0.0,0.0,-0.0,0.8,195.8,0.0,0.0
1745428515.167457488,true,240.1,0.0,0.0,0.1,1.2,0.0,-0.0,0.0,0.0,0.0,-0.0,0.8,194.5,0.0,0.0
1745428515.177704984,true,240.9,0.0,0.0,0.1,1.2,0.0,-0.0,0.0,0.0,0.0,-0.0,0.8,195.8,0.0,0.0
1745428515.187955080,true,240.9,0.0,0.0,0.1,1.2,0.0,-0.0,0.0,0.0,0.0,-0.0,0.8,195.8,0.0,0.0
1745428515.197705137,true,240.9,0.0,0.0,0.1,1.0,0.0,0.0,0.0,0.0,0.0,-0.0,0.8,180.0,0.0,0.0
1745428515.207454989,true,240.9,0.0,0.0,0.1,1.0,0.0,0.0,0.0,0.0,0.0,-0.0,0.8,180.0,0.0,0.0
1745428515.217706434,true,240.9,0.0,0.0,0.1,1.0,0.0,0.0,0.0,0.0,0.0,-0.0,0.8,180.0,0.0,0.0
1745428515.227456147,true,240.9,0.0,0.0,0.1,1.0,0.0,0.0,0.0,0.0,0.0,-0.0,0.8,180.0,0.0,0.0
1745428515.237580276,true,239.9,0.0,0.0,0.1,1.2,0.0,0.0,0.0,0.0,0.0,-0.0,0.8,181.8,0.0,0.0
1745428515.247831410,true,240.7,0.0,0.0,0.1,1.2,0.0,0.0,0.0,0.0,0.0,-0.0,0.8,183.0,0.0,0.0
1745428515.257582506,true,240.7,0.0,0.0,0.1,1.2,0.0,0.0,0.0,0.0,0.0,-0.0,0.8,183.0,0.0,0.0
1745428515.267834417,true,240.7,0.0,0.0,0.1,1.2,0.0,0.0,0.0,0.0,0.0,-0.0,0.8,183.0,0.0,0.0
1745428515.277581356,true,240.1,0.0,0.0,0.1,1.1,0.0,0.0,0.0,0.0,0.0,-0.0,0.8,181.6,0.0,0.0
1745428515.287831802,true,240.9,0.0,0.0,0.1,1.1,0.0,0.0,0.0,0.0,0.0,-0.0,0.8,182.8,0.0,0.0
1745428515.297586530,true,240.9,0.0,0.0,0.1,1.1,0.0,0.0,0.0,0.0,0.0,-0.0,0.8,182.8,0.0,0.0
1745428515.307830002,true,240.9,0.0,0.0,0.1,1.1,0.0,0.0,0.0,0.0,0.0,-0.0,0.8,182.8,0.0,0.0
1745428515.317454382,true,241.0,0.0,0.0,0.1,1.0,0.0,0.0,0.0,0.0,0.0,0.0,0.8,183.2,0.0,0.0
1745428515.327705703,true,241.0,0.0,0.0,0.1,1.0,0.0,0.0,0.0,0.0,0.0,0.0,0.8,183.2,0.0,0.0
1745428515.337457629,true,240.2,0.0,0.0,0.1,1.0,0.0,0.0,0.0,0.0,0.0,0.0,0.8,182.0,0.0,0.0
1745428515.347705386,true,241.0,0.0,0.0,0.1,1.0,0.0,0.0,0.0,0.0,0.0,0.0,0.8,183.2,0.0,0.0
1745428515.357456380,true,240.9,0.0,0.0,0.1,1.4,0.0,0.0,0.0,0.0,0.0,-0.0,0.8,184.2,0.0,0.0
1745428515.367708924,true,240.9,0.0,0.0,0.1,1.4,0.0,0.0,0.0,0.0,0.0,-0.0,0.8,184.2,0.0,0.0
1745428515.377955113,true,240.9,0.0,0.0,0.1,1.4,0.0,0.0,0.0,0.0,0.0,-0.0,0.8,184.2,0.0,0.0
1745428515.387708113,true,240.9,0.0,0.0,0.1,1.4,0.0,0.0,0.0,0.0,0.0,-0.0,0.8,184.2,0.0,0.0
1745428515.397334359,true,240.2,0.0,0.0,0.1,1.2,0.0,-0.0,0.0,0.0,0.0,-0.0,0.8,183.1,0.0,0.0
1745428515.407581168,true,241.0,0.0,0.0,0.1,1.2,0.0,-0.0,0.0,0.0,0.0,-0.0,0.8,184.3,0.0,0.0
1745428515.417333137,true,241.0,0.0,0.0,0.1,1.2,0.0,-0.0,0.0,0.0,0.0,-0.0,0.8,184.3,0.0,0.0
1745428515.427581123,true,241.0,0.0,0.0,0.1,1.2,0.0,-0.0,0.0,0.0,0.0,-0.0,0.8,184.3,0.0,0.0
1745428515.437832040,true,240.9,0.0,0.0,0.1,1.1,0.0,0.0,0.0,0.0,0.0,-0.0,0.8,182.8,0.0,0.0
1745428515.447582334,true,240.9,0.0,0.0,0.1,1.1,0.0,0.0,0.0,0.0,0.0,-0.0,0.8,182.8,0.0,0.0
1745428515.457831640,true,240.2,0.0,0.0,0.1,1.1,0.0,0.0,0.0,0.0,0.0,-0.0,0.8,181.7,0.0,0.0
1745428515.467461419,true,240.9,0.0,0.0,0.1,1.1,0.0,0.0,0.0,0.0,0.0,-0.0,0.8,182.8,0.0,0.0
1745428515.477707537,true,241.0,0.0,0.0,0.1,0.9,0.0,0.0,0.0,0.0,0.0,-0.0,0.8,182.0,0.0,0.0
1745428515.487456584,true,241.0,0.0,0.0,0.1,0.9,0.0,0.0,0.0,0.0,0.0,-0.0,0.8,182.0,0.0,0.0
1745428515.497707112,true,241.0,0.0,0.0,0.1,0.9,0.0,0.0,0.0,0.0,0.0,-0.0,0.8,182.0,0.0,0.0
1745428515.507457432,true,241.0,0.0,0.0,0.1,0.9,0.0,0.0,0.0,0.0,0.0,-0.0,0.8,182.0,0.0,0.0
1745428515.517707213,true,240.2,0.0,0.0,0.1,1.0,0.0,-0.0,0.0,0.0,0.0,-0.0,0.8,182.4,0.0,0.0
1745428515.527456350,true,241.0,0.0,0.0,0.1,1.0,0.0,-0.0,0.0,0.0,0.0,-0.0,0.8,183.6,0.0,0.0
1745428515.537583580,true,241.0,0.0,0.0,0.1,1.0,0.0,-0.0,0.0,0.0,0.0,-0.0,0.8,183.6,0.0,0.0
1745428515.547331316,true,241.0,0.0,0.0,0.1,1.0,0.0,-0.0,0.0,0.0,0.0,-0.0,0.8,183.6,0.0,0.0
1745428515.557706694,true,241.0,0.0,0.0,0.1,0.8,0.0,-0.0,0.0,0.0,0.0,-0.0,0.8,184.4,0.0,0.0
1745428515.567333411,true,241.0,0.0,0.0,0.1,0.8,0.0,-0.0,0.0,0.0,0.0,-0.0,0.8,184.4,0.0,0.0
1745428515.577583684,true,240.2,0.0,0.0,0.1,0.8,0.0,-0.0,0.0,0.0,0.0,-0.0,0.8,183.2,0.0,0.0
1745428515.587333553,true,241.0,0.0,0.0,0.1,0.8,0.0,-0.0,0.0,0.0,0.0,-0.0,0.8,184.4,0.0,0.0
1745428515.597583046,true,240.9,0.0,0.0,0.1,1.0,0.0,0.0,0.0,0.0,0.0,-0.0,0.8,182.1,0.0,0.0
1745428515.607336902,true,240.9,0.0,0.0,0.1,1.0,0.0,0.0,0.0,0.0,0.0,-0.0,0.8,182.1,0.0,0.0
1745428515.617586729,true,240.9,0.0,0.0,0.1,1.0,0.0,0.0,0.0,0.0,0.0,-0.0,0.8,182.1,0.0,0.0
1745428515.627208736,true,240.9,0.0,0.0,0.1,1.0,0.0,0.0,0.0,0.0,0.0,-0.0,0.8,182.1,0.0,0.0
1745428515.637462253,true,240.2,0.0,0.0,0.1,1.2,0.0,0.0,0.0,0.0,0.0,-0.0,0.8,182.4,0.0,0.0
1745428515.647207434,true,240.9,0.0,0.0,0.1,1.2,0.0,0.0,0.0,0.0,0.0,-0.0,0.8,183.6,0.0,0.0
1745428515.657457103,true,240.9,0.0,0.0,0.1,1.2,0.0,0.0,0.0,0.0,0.0,-0.0,0.8,183.6,0.0,0.0
1745428515.667209517,true,240.9,0.0,0.0,0.1,1.2,0.0,0.0,0.0,0.0,0.0,-0.0,0.8,183.6,0.0,0.0
1745428515.677458576,true,240.2,0.0,0.0,0.1,1.0,0.0,0.0,0.0,0.0,0.0,-0.0,0.8,182.9,0.0,0.0
1745428515.687709952,true,241.8,0.0,0.0,0.1,1.0,0.0,0.0,0.0,0.0,0.0,-0.0,0.8,185.2,0.0,0.0
1745428515.697458960,true,240.2,0.0,0.0,0.1,1.0,0.0,0.0,0.0,0.0,0.0,-0.0,0.8,182.9,0.0,0.0
1745428515.707211722,true,241.0,0.0,0.0,0.1,1.0,0.0,0.0,0.0,0.0,0.0,-0.0,0.8,184.0,0.0,0.0
1745428515.717333957,true,241.0,0.0,0.0,0.1,1.2,0.0,0.0,0.0,0.0,0.0,-0.0,0.8,186.7,0.0,0.0
1745428515.727085063,true,241.0,0.0,0.0,0.1,1.2,0.0,0.0,0.0,0.0,0.0,-0.0,0.8,186.7,0.0,0.0
1745428515.737338703,true,241.0,0.0,0.0,0.1,1.2,0.0,0.0,0.0,0.0,0.0,-0.0,0.8,186.7,0.0,0.0
1745428515.747583965,true,241.0,0.0,0.0,0.1,1.2,0.0,0.0,0.0,0.0,0.0,-0.0,0.8,186.7,0.0,0.0
1745428515.757334322,true,240.1,0.0,0.0,0.1,1.2,0.0,0.0,0.0,0.0,0.0,-0.0,0.8,182.4,0.0,0.0
1745428515.767584868,true,240.9,0.0,0.0,0.1,1.2,0.0,0.0,0.0,0.0,0.0,-0.0,0.8,183.5,0.0,0.0
1745428515.777210096,true,240.9,0.0,0.0,0.1,1.2,0.0,0.0,0.0,0.0,0.0,-0.0,0.8,183.5,0.0,0.0
1745428515.787585563,true,240.9,0.0,0.0,0.1,1.2,0.0,0.0,0.0,0.0,0.0,-0.0,0.8,183.5,0.0,0.0
1745428515.797213698,true,241.0,0.0,0.0,0.1,0.8,0.0,0.0,0.0,0.0,0.0,-0.0,0.8,183.0,0.0,0.0
1745428515.807463549,true,240.2,0.0,0.0,0.1,0.8,0.0,0.0,0.0,0.0,0.0,-0.0,0.8,181.8,0.0,0.0
1745428515.817210004,true,241.0,0.0,0.0,0.1,0.8,0.0,0.0,0.0,0.0,0.0,-0.0,0.8,183.0,0.0,0.0
1745428515.827459227,true,241.0,0.0,0.0,0.1,0.8,0.0,0.0,0.0,0.0,0.0,-0.0,0.8,183.0,0.0,0.0
1745428515.837211608,true,241.0,0.0,0.0,0.1,1.4,0.0,-0.0,0.0,0.0,0.0,-0.0,0.8,182.1,0.0,0.0
1745428515.847458085,true,241.0,0.0,0.0,0.1,1.4,0.0,-0.0,0.0,0.0,0.0,-0.0,0.8,182.1,0.0,0.0
1745428515.857210371,true,240.2,0.0,0.0,0.1,1.4,0.0,-0.0,0.0,0.0,0.0,-0.0,0.8,180.9,0.0,0.0
1745428515.867337435,true,241.0,0.0,0.0,0.1,1.4,0.0,-0.0,0.0,0.0,0.0,-0.0,0.8,182.1,0.0,0.0
1745428515.877086003,true,240.4,0.0,0.0,0.1,1.0,0.0,0.0,0.0,0.0,0.0,-0.0,0.8,185.2,0.0,0.0
1745428515.887334571,true,240.4,0.0,0.0,0.1,1.0,0.0,0.0,0.0,0.0,0.0,-0.0,0.8,185.2,0.0,0.0
1745428515.897584683,true,240.4,0.0,0.0,0.1,1.0,0.0,0.0,0.0,0.0,0.0,-0.0,0.8,185.2,0.0,0.0
1745428515.907335299,true,240.4,0.0,0.0,0.1,1.0,0.0,0.0,0.0,0.0,0.0,-0.0,0.8,185.2,0.0,0.0
1745428515.917086710,true,239.7,0.0,0.0,0.1,1.2,0.0,-0.0,0.0,0.0,0.0,-0.0,0.8,183.2,0.0,0.0
1745428515.927335934,true,240.5,0.0,0.0,0.1,1.2,0.0,-0.0,0.0,0.0,0.0,-0.0,0.8,184.3,0.0,0.0
1745428515.937086574,true,240.5,0.0,0.0,0.1,1.2,0.0,-0.0,0.0,0.0,0.0,-0.0,0.8,184.3,0.0,0.0
1745428515.947211654,true,240.5,0.0,0.0,0.1,1.2,0.0,-0.0,0.0,0.0,0.0,-0.0,0.8,184.3,0.0,0.0
1745428515.957460266,true,240.5,0.0,0.0,0.1,1.1,0.0,0.0,0.0,0.0,0.0,-0.0,0.8,182.6,0.0,0.0
1745428515.967210871,true,240.5,0.0,0.0,0.1,1.1,0.0,0.0,0.0,0.0,0.0,-0.0,0.8,182.6,0.0,0.0
1745428515.977461241,true,239.7,0.0,0.0,0.1,1.0,0.0,0.0,0.0,0.0,0.0,-0.0,0.8,181.4,0.0,0.0
1745428515.987210395,true,240.5,0.0,0.0,0.1,1.1,0.0,0.0,0.0,0.0,0.0,-0.0,0.8,182.6,0.0,0.0
1745428515.997462690,true,240.4,0.0,0.0,0.1,1.4,0.0,-0.0,0.0,0.0,0.0,-0.0,0.8,184.6,0.0,0.0
1745428516.007212035,true,240.4,0.0,0.0,0.1,1.4,0.0,-0.0,0.0,0.0,0.0,-0.0,0.8,184.6,0.0,0.0
1745428516.017339492,true,240.4,0.0,0.0,0.1,1.4,0.0,-0.0,0.0,0.0,0.0,-0.0,0.8,184.6,0.0,0.0
1745428516.027086410,true,240.4,0.0,0.0,0.1,1.4,0.0,-0.0,0.0,0.0,0.0,-0.0,0.8,184.6,0.0,0.0
1745428516.037336618,true,239.6,0.0,0.0,0.1,1.0,0.0,-0.0,0.0,0.0,0.0,-0.0,0.8,184.3,0.0,0.0
1745428516.047086230,true,240.4,0.0,0.0,0.1,1.0,0.0,-0.0,0.0,0.0,0.0,-0.0,0.8,185.5,0.0,0.0
1745428516.057333990,true,240.4,0.0,0.0,0.1,1.0,0.0,-0.0,0.0,0.0,0.0,-0.0,0.8,185.5,0.0,0.0
1745428516.067085799,true,240.4,0.0,0.0,0.1,1.0,0.0,-0.0,0.0,0.0,0.0,-0.0,0.8,185.5,0.0,0.0
1745428516.077339078,true,240.2,0.0,0.0,0.1,1.2,0.0,-0.0,0.0,0.0,0.0,-0.0,0.8,186.8,0.0,0.0
1745428516.087087254,true,240.2,0.0,0.0,0.1,1.2,0.0,-0.0,0.0,0.0,0.0,-0.0,0.8,186.8,0.0,0.0
1745428516.097211017,true,239.4,0.0,0.0,0.1,1.2,0.0,-0.0,0.0,0.0,0.0,-0.0,0.8,185.6,0.0,0.0
1745428516.107090438,true,240.2,0.0,0.0,0.1,1.2,0.0,-0.0,0.0,0.0,0.0,-0.0,0.8,186.8,0.0,0.0
1745428516.117211167,true,240.2,0.0,0.0,0.1,1.2,0.0,-0.0,0.0,0.0,0.0,-0.0,0.8,181.4,0.0,0.0
1745428516.127086602,true,240.2,0.0,0.0,0.1,1.2,0.0,-0.0,0.0,0.0,0.0,-0.0,0.8,181.4,0.0,0.0
1745428516.137211593,true,239.5,0.0,0.0,0.1,1.2,0.0,-0.0,0.0,0.0,0.0,-0.0,0.8,180.2,0.0,0.0
1745428516.146966207,true,240.2,0.0,0.0,0.1,1.2,0.0,-0.0,0.0,0.0,0.0,-0.0,0.8,181.4,0.0,0.0
1745428516.157210751,true,240.3,0.0,0.0,0.1,0.9,0.0,0.0,0.0,0.0,0.0,0.0,0.8,182.1,0.0,0.0
1745428516.166962607,true,240.3,0.0,0.0,0.1,0.9,0.0,0.0,0.0,0.0,0.0,0.0,0.8,182.1,0.0,0.0
1745428516.177085371,true,240.3,0.0,0.0,0.1,0.9,0.0,0.0,0.0,0.0,0.0,0.0,0.8,182.1,0.0,0.0
1745428516.187460764,true,240.3,0.0,0.0,0.1,0.9,0.0,0.0,0.0,0.0,0.0,0.0,0.8,182.1,0.0,0.0
1745428516.197087423,true,239.6,0.0,0.0,0.1,1.3,0.0,0.0,0.0,0.0,0.0,-0.0,0.8,181.9,0.0,0.0
1745428516.207336230,true,240.4,0.0,0.0,0.1,1.3,0.0,0.0,0.0,0.0,0.0,-0.0,0.8,183.1,0.0,0.0
1745428516.217091635,true,240.4,0.0,0.0,0.1,1.3,0.0,0.0,0.0,0.0,0.0,-0.0,0.8,183.1,0.0,0.0
1745428516.227335886,true,240.4,0.0,0.0,0.1,1.3,0.0,0.0,0.0,0.0,0.0,-0.0,0.8,183.1,0.0,0.0
1745428516.237086176,true,240.5,0.0,0.0,0.1,0.9,0.0,-0.0,0.0,0.0,0.0,-0.0,0.8,186.3,0.0,0.0
1745428516.247337961,true,240.5,0.0,0.0,0.1,0.9,0.0,-0.0,0.0,0.0,0.0,-0.0,0.8,186.3,0.0,0.0
1745428516.257090293,true,239.7,0.0,0.0,0.1,0.9,0.0,-0.0,0.0,0.0,0.0,-0.0,0.8,185.1,0.0,0.0
1745428516.267336296,true,240.5,0.0,0.0,0.1,0.9,0.0,-0.0,0.0,0.0,0.0,-0.0,0.8,186.3,0.0,0.0
1745428516.277087405,true,240.4,0.0,0.0,0.1,0.9,0.0,-0.0,0.0,0.0,0.0,-0.0,0.8,182.6,0.0,0.0
1745428516.287211145,true,240.4,0.0,0.0,0.1,0.9,0.0,-0.0,0.0,0.0,0.0,-0.0,0.8,182.6,0.0,0.0
1745428516.296963537,true,240.4,0.0,0.0,0.1,0.9,0.0,-0.0,0.0,0.0,0.0,-0.0,0.8,182.6,0.0,0.0
1745428516.307213649,true,240.4,0.0,0.0,0.1,0.9,0.0,-0.0,0.0,0.0,0.0,-0.0,0.8,182.6,0.0,0.0
1745428516.316967109,true,239.6,0.0,0.0,0.1,1.1,0.0,0.0,0.0,-0.0,0.0,-0.0,0.8,181.8,0.0,0.0
1745428516.327211562,true,240.4,0.0,0.0,0.1,1.2,0.0,0.0,0.0,-0.0,0.0,-0.0,0.8,183.0,0.0,0.0
1745428516.336838106,true,240.4,0.0,0.0,0.1,1.2,0.0,0.0,0.0,-0.0,0.0,-0.0,0.8,183.0,0.0,0.0
1745428516.347214314,true,240.4,0.0,0.0,0.1,1.2,0.0,0.0,0.0,-0.0,0.0,-0.0,0.8,183.0,0.0,0.0
1745428516.356837396,true,240.4,0.0,0.0,0.1,1.2,0.0,-0.0,0.0,0.0,0.0,-0.0,0.8,182.5,0.0,0.0
1745428516.367087463,true,240.4,0.0,0.0,0.1,1.2,0.0,-0.0,0.0,0.0,0.0,-0.0,0.8,182.5,0.0,0.0
1745428516.376840046,true,239.6,0.0,0.0,0.1,1.2,0.0,-0.0,0.0,0.0,0.0,-0.0,0.8,181.3,0.0,0.0
1745428516.387089259,true,240.4,0.0,0.0,0.1,1.2,0.0,-0.0,0.0,0.0,0.0,-0.0,0.8,182.5,0.0,0.0
1745428516.396841300,true,240.4,0.0,0.0,0.1,0.9,0.0,-0.0,0.0,0.0,0.0,0.0,0.8,184.8,0.0,0.0
1745428516.407087805,true,240.4,0.0,0.0,0.1,0.9,0.0,-0.0,0.0,0.0,0.0,0.0,0.8,184.8,0.0,0.0
1745428516.417215175,true,240.4,0.0,0.0,0.1,0.9,0.0,-0.0,0.0,0.0,0.0,0.0,0.8,184.8,0.0,0.0
1745428516.427088972,true,240.4,0.0,0.0,0.1,0.9,0.0,-0.0,0.0,0.0,0.0,0.0,0.8,184.8,0.0,0.0
1745428516.437213625,true,239.6,0.0,0.0,0.1,1.0,0.0,0.0,0.0,-0.0,0.0,-0.0,0.8,186.2,0.0,0.0
1745428516.446963804,true,240.4,0.0,0.0,0.1,1.0,0.0,0.0,0.0,-0.0,0.0,-0.0,0.8,187.3,0.0,0.0
1745428516.457212779,true,240.4,0.0,0.0,0.1,1.0,0.0,0.0,0.0,-0.0,0.0,-0.0,0.8,187.3,0.0,0.0
1745428516.466964148,true,240.4,0.0,0.0,0.1,1.0,0.0,0.0,0.0,-0.0,0.0,-0.0,0.8,187.3,0.0,0.0
1745428516.477214632,true,240.4,0.0,0.0,0.1,1.1,0.0,0.0,0.0,0.0,0.0,-0.0,0.8,182.7,0.0,0.0
1745428516.486965007,true,239.7,0.0,0.0,0.1,1.1,0.0,0.0,0.0,0.0,0.0,-0.0,0.8,181.5,0.0,0.0
1745428516.497212638,true,240.4,0.0,0.0,0.1,1.1,0.0,0.0,0.0,0.0,0.0,-0.0,0.8,182.7,0.0,0.0
1745428516.506840027,true,240.4,0.0,0.0,0.1,1.1,0.0,0.0,0.0,0.0,0.0,-0.0,0.8,182.7,0.0,0.0
1745428516.517092710,true,240.2,0.0,0.0,0.1,1.1,0.0,0.0,0.0,0.0,0.0,-0.0,0.8,182.3,0.0,0.0
1745428516.526840414,true,240.2,0.0,0.0,0.1,1.1,0.0,0.0,0.0,0.0,0.0,-0.0,0.8,182.3,0.0,0.0
1745428516.537088361,true,240.2,0.0,0.0,0.1,1.1,0.0,0.0,0.0,0.0,0.0,-0.0,0.8,182.3,0.0,0.0
1745428516.546838470,true,239.4,0.0,0.0,0.1,1.1,0.0,0.0,0.0,0.0,0.0,-0.0,0.8,181.2,0.0,0.0
1745428516.557088985,true,240.4,0.0,0.0,0.1,1.2,0.0,0.0,0.0,0.0,0.0,-0.0,0.8,182.0,0.0,0.0
1745428516.566841806,true,240.4,0.0,0.0,0.1,1.2,0.0,0.0,0.0,0.0,0.0,-0.0,0.8,182.0,0.0,0.0
1745428516.577090874,true,240.4,0.0,0.0,0.1,1.2,0.0,0.0,0.0,0.0,0.0,-0.0,0.8,182.0,0.0,0.0
1745428516.586717928,true,240.4,0.0,0.0,0.1,1.2,0.0,0.0,0.0,0.0,0.0,-0.0,0.8,182.0,0.0,0.0
1745428516.597090611,true,239.7,0.0,0.0,0.1,1.1,0.0,-0.0,0.0,0.0,0.0,-0.0,0.8,181.9,0.0,0.0
1745428516.606715097,true,240.4,0.0,0.0,0.1,1.1,0.0,-0.0,0.0,0.0,0.0,-0.0,0.8,183.1,0.0,0.0
1745428516.616966946,true,240.4,0.0,0.0,0.1,1.1,0.0,-0.0,0.0,0.0,0.0,-0.0,0.8,183.1,0.0,0.0
1745428516.626714968,true,240.4,0.0,0.0,0.1,1.1,0.0,-0.0,0.0,0.0,0.0,-0.0,0.8,183.1,0.0,0.0
1745428516.636965635,true,240.4,0.0,0.0,0.1,1.1,0.0,-0.0,0.0,0.0,0.0,-0.0,0.8,183.3,0.0,0.0
1745428516.647217718,true,240.4,0.0,0.0,0.1,1.1,0.0,-0.0,0.0,0.0,0.0,-0.0,0.8,183.3,0.0,0.0
1745428516.656839875,true,239.6,0.0,0.0,0.1,1.0,0.0,-0.0,0.0,0.0,0.0,-0.0,0.8,182.2,0.0,0.0
1745428516.667092269,true,240.4,0.0,0.0,0.1,1.1,0.0,-0.0,0.0,0.0,0.0,-0.0,0.8,183.3,0.0,0.0
1745428516.676841801,true,240.4,0.0,0.0,0.1,1.2,0.0,-0.0,0.0,-0.0,0.0,-0.0,0.8,182.6,0.0,0.0
1745428516.687089984,true,240.4,0.0,0.0,0.1,1.2,0.0,-0.0,0.0,-0.0,0.0,-0.0,0.8,182.6,0.0,0.0
1745428516.696841254,true,240.4,0.0,0.0,0.1,1.2,0.0,-0.0,0.0,-0.0,0.0,-0.0,0.8,182.6,0.0,0.0
1745428516.707092066,true,240.4,0.0,0.0,0.1,1.2,0.0,-0.0,0.0,-0.0,0.0,-0.0,0.8,182.6,0.0,0.0
1745428516.716840838,true,239.6,0.0,0.0,0.1,1.1,0.0,-0.0,0.0,0.0,0.0,-0.0,0.8,180.6,0.0,0.0
1745428516.727091070,true,240.4,0.0,0.0,0.1,1.1,0.0,-0.0,0.0,0.0,0.0,-0.0,0.8,181.8,0.0,0.0
1745428516.736715255,true,240.4,0.0,0.0,0.1,1.1,0.0,-0.0,0.0,0.0,0.0,-0.0,0.8,181.8,0.0,0.0
1745428516.747089343,true,240.4,0.0,0.0,0.1,1.1,0.0,-0.0,0.0,0.0,0.0,-0.0,0.8,181.8,0.0,0.0
1745428516.756719508,true,240.4,0.0,0.0,0.1,1.1,0.0,0.0,0.0,0.0,0.0,-0.0,0.8,183.6,0.0,0.0
1745428516.766965408,true,239.6,0.0,0.0,0.1,1.1,0.0,0.0,0.0,0.0,0.0,-0.0,0.8,182.4,0.0,0.0
1745428516.776716804,true,240.4,0.0,0.0,0.1,1.1,0.0,0.0,0.0,0.0,0.0,-0.0,0.8,183.6,0.0,0.0
1745428516.786966756,true,240.4,0.0,0.0,0.1,1.1,0.0,0.0,0.0,0.0,0.0,-0.0,0.8,183.6,0.0,0.0
1745428516.796717713,true,240.4,0.0,0.0,0.1,1.2,0.0,-0.0,0.0,0.0,0.0,-0.0,0.8,180.8,0.0,0.0
1745428516.806965802,true,240.4,0.0,0.0,0.1,1.2,0.0,-0.0,0.0,0.0,0.0,-0.0,0.8,180.8,0.0,0.0
1745428516.816592441,true,239.6,0.0,0.0,0.1,1.2,0.0,-0.0,0.0,0.0,0.0,-0.0,0.8,179.6,0.0,0.0
1745428516.826842556,true,240.4,0.0,0.0,0.1,1.2,0.0,-0.0,0.0,0.0,0.0,-0.0,0.8,180.8,0.0,0.0
1745428516.836592369,true,240.5,0.0,0.0,0.1,1.2,0.0,-0.0,0.0,-0.0,0.0,-0.0,0.8,184.0,0.0,0.0
1745428516.846843215,true,240.5,0.0,0.0,0.1,1.2,0.0,-0.0,0.0,-0.0,0.0,-0.0,0.8,184.0,0.0,0.0
1745428516.857092731,true,240.5,0.0,0.0,0.1,1.2,0.0,-0.0,0.0,-0.0,0.0,-0.0,0.8,184.0,0.0,0.0
1745428516.866841196,true,240.5,0.0,0.0,0.1,1.2,0.0,-0.0,0.0,-0.0,0.0,-0.0,0.8,184.0,0.0,0.0
1745428516.877092390,true,239.7,0.0,0.0,0.1,1.1,0.0,-0.0,0.0,0.0,0.0,-0.0,0.8,181.9,0.0,0.0
1745428516.886844720,true,241.2,0.0,0.0,0.1,1.2,0.0,-0.0,0.0,0.0,0.0,-0.0,0.8,184.3,0.0,0.0
1745428516.897091131,true,239.7,0.0,0.0,0.1,1.1,0.0,-0.0,0.0,0.0,0.0,-0.0,0.8,181.9,0.0,0.0
1745428516.906717396,true,240.4,0.0,0.0,0.1,1.2,0.0,-0.0,0.0,0.0,0.0,-0.0,0.8,183.1,0.0,0.0
1745428516.917093489,true,240.4,0.0,0.0,0.1,1.1,0.0,0.0,0.0,0.0,0.0,-0.0,0.8,182.6,0.0,0.0
1745428516.926718185,true,240.4,0.0,0.0,0.1,1.1,0.0,0.0,0.0,0.0,0.0,-0.0,0.8,182.6,0.0,0.0
1745428516.936968535,true,239.7,0.0,0.0,0.1,1.1,0.0,0.0,0.0,0.0,0.0,-0.0,0.8,181.4,0.0,0.0
1745428516.946717977,true,240.4,0.0,0.0,0.1,1.1,0.0,0.0,0.0,0.0,0.0,-0.0,0.8,182.6,0.0,0.0
1745428516.956967596,true,240.4,0.0,0.0,0.1,1.0,0.0,0.0,0.0,0.0,0.0,-0.0,0.8,187.2,0.0,0.0
1745428516.966718805,true,240.4,0.0,0.0,0.1,1.0,0.0,0.0,0.0,0.0,0.0,-0.0,0.8,187.2,0.0,0.0
1745428516.976968897,true,240.4,0.0,0.0,0.1,1.0,0.0,0.0,0.0,0.0,0.0,-0.0,0.8,187.2,0.0,0.0
1745428516.986593028,true,240.4,0.0,0.0,0.1,1.0,0.0,0.0,0.0,0.0,0.0,-0.0,0.8,187.2,0.0,0.0
1745428516.996845679,true,239.7,0.0,0.0,0.1,0.9,0.0,0.0,0.0,0.0,0.0,-0.0,0.8,180.8,0.0,0.0
1745428517.006593845,true,240.5,0.0,0.0,0.1,0.9,0.0,0.0,0.0,0.0,0.0,-0.0,0.8,181.9,0.0,0.0
1745428517.016843746,true,240.5,0.0,0.0,0.1,0.9,0.0,0.0,0.0,0.0,0.0,-0.0,0.8,181.9,0.0,0.0
1745428517.026598688,true,240.5,0.0,0.0,0.1,0.9,0.0,0.0,0.0,0.0,0.0,-0.0,0.8,181.9,0.0,0.0
1745428517.036845236,true,240.4,0.0,0.0,0.1,1.1,0.0,0.0,0.0,0.0,0.0,-0.0,0.8,182.9,0.0,0.0
1745428517.046592342,true,240.4,0.0,0.0,0.1,1.1,0.0,0.0,0.0,0.0,0.0,-0.0,0.8,182.9,0.0,0.0
1745428517.056719111,true,239.6,0.0,0.0,0.1,1.1,0.0,0.0,0.0,0.0,0.0,-0.0,0.8,181.7,0.0,0.0
1745428517.066469321,true,240.4,0.0,0.0,0.1,1.1,0.0,0.0,0.0,0.0,0.0,-0.0,0.8,182.9,0.0,0.0
1745428517.076719341,true,240.4,0.0,0.0,0.1,0.8,0.0,0.0,0.0,0.0,0.0,-0.0,0.8,184.0,0.0,0.0
1745428517.086969979,true,240.4,0.0,0.0,0.1,0.8,0.0,0.0,0.0,0.0,0.0,-0.0,0.8,184.0,0.0,0.0
1745428517.096718552,true,239.6,0.0,0.0,0.1,0.8,0.0,0.0,0.0,0.0,0.0,-0.0,0.8,182.8,0.0,0.0
1745428517.106969223,true,240.4,0.0,0.0,0.1,0.8,0.0,0.0,0.0,0.0,0.0,-0.0,0.8,184.0,0.0,0.0
1745428517.116717556,true,240.4,0.0,0.0,0.1,1.1,0.0,0.0,0.0,0.0,0.0,-0.0,0.8,184.0,0.0,0.0
1745428517.126844947,true,240.4,0.0,0.0,0.1,1.1,0.0,0.0,0.0,0.0,0.0,-0.0,0.8,184.0,0.0,0.0
1745428517.136592843,true,240.4,0.0,0.0,0.1,1.1,0.0,0.0,0.0,0.0,0.0,-0.0,0.8,184.0,0.0,0.0
1745428517.146844054,true,240.4,0.0,0.0,0.1,1.1,0.0,0.0,0.0,0.0,0.0,-0.0,0.8,184.0,0.0,0.0
1745428517.156596235,true,239.7,0.0,0.0,0.1,1.2,0.0,0.0,0.0,0.0,0.0,-0.0,0.8,182.6,0.0,0.0
1745428517.166843921,true,240.4,0.0,0.0,0.1,1.2,0.0,0.0,0.0,0.0,0.0,-0.0,0.8,183.8,0.0,0.0
1745428517.176595554,true,240.4,0.0,0.0,0.1,1.2,0.0,0.0,0.0,0.0,0.0,-0.0,0.8,183.8,0.0,0.0
1745428517.186846779,true,240.4,0.0,0.0,0.1,1.2,0.0,0.0,0.0,0.0,0.0,-0.0,0.8,183.8,0.0,0.0
1745428517.196594730,true,240.5,0.0,0.0,0.1,0.9,0.0,-0.0,0.0,0.0,0.0,-0.0,0.8,182.9,0.0,0.0
1745428517.206846422,true,240.5,0.0,0.0,0.1,0.9,0.0,-0.0,0.0,0.0,0.0,-0.0,0.8,182.9,0.0,0.0
1745428517.216469330,true,239.7,0.0,0.0,0.1,0.9,0.0,-0.0,0.0,0.0,0.0,-0.0,0.8,181.8,0.0,0.0
1745428517.226723588,true,240.5,0.0,0.0,0.1,0.9,0.0,-0.0,0.0,0.0,0.0,-0.0,0.8,182.9,0.0,0.0
1745428517.236470532,true,240.4,0.0,0.0,0.1,1.5,0.0,0.0,0.0,-0.0,0.0,-0.0,0.8,181.9,0.0,0.0
1745428517.246718721,true,240.4,0.0,0.0,0.1,1.5,0.0,0.0,0.0,-0.0,0.0,-0.0,0.8,181.9,0.0,0.0
1745428517.256471464,true,240.4,0.0,0.0,0.1,1.5,0.0,0.0,0.0,-0.0,0.0,-0.0,0.8,181.9,0.0,0.0
1745428517.266722798,true,240.4,0.0,0.0,0.1,1.5,0.0,0.0,0.0,-0.0,0.0,-0.0,0.8,181.9,0.0,0.0
1745428517.276469795,true,239.6,0.0,0.0,0.1,1.0,0.0,0.0,0.0,0.0,0.0,-0.0,0.8,182.5,0.0,0.0
1745428517.286597238,true,240.3,0.0,0.0,0.1,1.0,0.0,0.0,0.0,0.0,0.0,-0.0,0.8,183.6,0.0,0.0
1745428517.296356090,true,240.3,0.0,0.0,0.1,1.0,0.0,0.0,0.0,0.0,0.0,-0.0,0.8,183.6,0.0,0.0
1745428517.306596118,true,240.3,0.0,0.0,0.1,1.0,0.0,0.0,0.0,0.0,0.0,-0.0,0.8,183.6,0.0,0.0
1745428517.316844615,true,240.4,0.0,0.0,0.1,1.1,0.0,-0.0,0.0,0.0,0.0,-0.0,0.8,182.9,0.0,0.0
1745428517.326598307,true,240.4,0.0,0.0,0.1,1.1,0.0,-0.0,0.0,0.0,0.0,-0.0,0.8,182.9,0.0,0.0
1745428517.336847071,true,239.7,0.0,0.0,0.1,1.1,0.0,-0.0,0.0,0.0,0.0,-0.0,0.8,181.7,0.0,0.0
1745428517.346596597,true,240.4,0.0,0.0,0.1,1.1,0.0,-0.0,0.0,0.0,0.0,-0.0,0.8,182.9,0.0,0.0
1745428517.356849723,true,240.4,0.0,0.0,0.1,1.3,0.0,0.0,0.0,0.0,0.0,-0.0,0.8,182.0,0.0,0.0
1745428517.366469277,true,240.4,0.0,0.0,0.1,1.3,0.0,0.0,0.0,0.0,0.0,-0.0,0.8,182.0,0.0,0.0
1745428517.376845338,true,239.6,0.0,0.0,0.1,1.3,0.0,0.0,0.0,0.0,0.0,-0.0,0.8,180.9,0.0,0.0
1745428517.386470959,true,241.2,0.0,0.0,0.1,1.3,0.0,0.0,0.0,0.0,0.0,-0.0,0.8,183.2,0.0,0.0
1745428517.396721192,true,239.7,0.0,0.0,0.1,0.6,0.0,-0.0,0.0,-0.0,0.0,-0.0,0.8,180.1,0.0,0.0
1745428517.406471409,true,240.5,0.0,0.0,0.1,0.6,0.0,-0.0,0.0,-0.0,0.0,-0.0,0.8,181.2,0.0,0.0
1745428517.416722044,true,240.5,0.0,0.0,0.1,0.6,0.0,-0.0,0.0,-0.0,0.0,-0.0,0.8,181.2,0.0,0.0
1745428517.426472137,true,240.5,0.0,0.0,0.1,0.6,0.0,-0.0,0.0,-0.0,0.0,-0.0,0.8,181.2,0.0,0.0
1745428517.436720936,true,240.4,0.0,0.0,0.1,1.2,0.0,-0.0,0.0,0.0,0.0,-0.0,0.8,181.8,0.0,0.0
1745428517.446357749,true,240.4,0.0,0.0,0.1,1.2,0.0,-0.0,0.0,0.0,0.0,-0.0,0.8,181.8,0.0,0.0
1745428517.456600054,true,239.7,0.0,0.0,0.1,1.2,0.0,-0.0,0.0,0.0,0.0,-0.0,0.8,180.6,0.0,0.0
1745428517.466356141,true,240.4,0.0,0.0,0.1,1.2,0.0,-0.0,0.0,0.0,0.0,-0.0,0.8,181.8,0.0,0.0
1745428517.476598224,true,240.5,0.0,0.0,0.1,1.0,0.0,0.0,0.0,0.0,0.0,-0.0,0.8,184.7,0.0,0.0
1745428517.486355452,true,240.5,0.0,0.0,0.1,1.0,0.0,0.0,0.0,0.0,0.0,-0.0,0.8,184.7,0.0,0.0
1745428517.496597172,true,240.5,0.0,0.0,0.1,1.0,0.0,0.0,0.0,0.0,0.0,-0.0,0.8,184.7,0.0,0.0
1745428517.506355071,true,239.7,0.0,0.0,0.1,1.0,0.0,0.0,0.0,0.0,0.0,-0.0,0.8,183.5,0.0,0.0
1745428517.516596891,true,240.5,0.0,0.0,0.1,1.1,0.0,-0.0,0.0,0.0,0.0,-0.0,0.8,183.5,0.0,0.0
1745428517.526224272,true,240.5,0.0,0.0,0.1,1.1,0.0,-0.0,0.0,0.0,0.0,-0.0,0.8,183.5,0.0,0.0
1745428517.536595948,true,240.5,0.0,0.0,0.1,1.1,0.0,-0.0,0.0,0.0,0.0,-0.0,0.8,183.5,0.0,0.0
1745428517.546721690,true,240.5,0.0,0.0,0.1,1.1,0.0,-0.0,0.0,0.0,0.0,-0.0,0.8,183.5,0.0,0.0
1745428517.556472353,true,239.7,0.0,0.0,0.1,1.0,0.0,-0.0,0.0,0.0,0.0,-0.0,0.8,182.4,0.0,0.0
1745428517.566721693,true,240.4,0.0,0.0,0.1,1.0,0.0,-0.0,0.0,0.0,0.0,-0.0,0.8,183.6,0.0,0.0
1745428517.576471345,true,240.4,0.0,0.0,0.1,1.0,0.0,-0.0,0.0,0.0,0.0,-0.0,0.8,183.6,0.0,0.0
1745428517.586726137,true,240.4,0.0,0.0,0.1,1.0,0.0,-0.0,0.0,0.0,0.0,-0.0,0.8,183.6,0.0,0.0
1745428517.596471738,true,240.4,0.0,0.0,0.1,1.0,0.0,-0.0,0.0,0.0,0.0,-0.0,0.8,183.8,0.0,0.0
1745428517.606722333,true,240.4,0.0,0.0,0.1,1.0,0.0,-0.0,0.0,0.0,0.0,-0.0,0.8,183.8,0.0,0.0
1745428517.616356021,true,239.7,0.0,0.0,0.1,1.0,0.0,-0.0,0.0,0.0,0.0,-0.0,0.8,182.6,0.0,0.0
1745428517.626598349,true,240.4,0.0,0.0,0.1,1.0,0.0,-0.0,0.0,0.0,0.0,-0.0,0.8,183.8,0.0,0.0
1745428517.636354714,true,240.4,0.0,0.0,0.1,1.1,0.0,0.0,0.0,0.0,0.0,-0.0,0.8,186.7,0.0,0.0
1745428517.646596416,true,240.4,0.0,0.0,0.1,1.1,0.0,0.0,0.0,0.0,0.0,-0.0,0.8,186.7,0.0,0.0
1745428517.656360472,true,240.4,0.0,0.0,0.1,1.1,0.0,0.0,0.0,0.0,0.0,-0.0,0.8,186.7,0.0,0.0
1745428517.666597228,true,240.4,0.0,0.0,0.1,1.1,0.0,0.0,0.0,0.0,0.0,-0.0,0.8,186.7,0.0,0.0
1745428517.676223921,true,239.6,0.0,0.0,0.1,1.1,0.0,0.0,0.0,0.0,0.0,-0.0,0.8,181.8,0.0,0.0
1745428517.686601216,true,240.4,0.0,0.0,0.1,1.1,0.0,0.0,0.0,0.0,0.0,-0.0,0.8,183.0,0.0,0.0
1745428517.696222970,true,240.4,0.0,0.0,0.1,1.1,0.0,0.0,0.0,0.0,0.0,-0.0,0.8,183.0,0.0,0.0
1745428517.706473776,true,240.4,0.0,0.0,0.1,1.1,0.0,0.0,0.0,0.0,0.0,-0.0,0.8,183.0,0.0,0.0
1745428517.716223959,true,240.5,0.0,0.0,0.1,0.9,0.0,0.0,0.0,0.0,0.0,-0.0,0.8,182.0,0.0,0.0
1745428517.726472314,true,240.5,0.0,0.0,0.1,0.9,0.0,0.0,0.0,0.0,0.0,-0.0,0.8,182.0,0.0,0.0
1745428517.736224830,true,239.7,0.0,0.0,0.1,0.9,0.0,0.0,0.0,0.0,0.0,-0.0,0.8,180.9,0.0,0.0
1745428517.746474379,true,240.5,0.0,0.0,0.1,0.9,0.0,0.0,0.0,0.0,0.0,-0.0,0.8,182.0,0.0,0.0
1745428517.756224832,true,240.4,0.0,0.0,0.1,1.1,0.0,0.0,0.0,0.0,0.0,-0.0,0.8,182.6,0.0,0.0
1745428517.766349683,true,240.4,0.0,0.0,0.1,1.1,0.0,0.0,0.0,0.0,0.0,-0.0,0.8,182.6,0.0,0.0
1745428517.776599545,true,240.4,0.0,0.0,0.1,1.1,0.0,0.0,0.0,0.0,0.0,-0.0,0.8,182.6,0.0,0.0
1745428517.786350175,true,240.4,0.0,0.0,0.1,1.1,0.0,0.0,0.0,0.0,0.0,-0.0,0.8,182.6,0.0,0.0
1745428517.796599531,true,239.7,0.0,0.0,0.1,1.1,0.0,0.0,0.0,0.0,0.0,-0.0,0.8,181.7,0.0,0.0
1745428517.806362258,true,240.5,0.0,0.0,0.1,1.1,0.0,0.0,0.0,0.0,0.0,-0.0,0.8,182.9,0.0,0.0
1745428517.816598760,true,240.5,0.0,0.0,0.1,1.1,0.0,0.0,0.0,0.0,0.0,-0.0,0.8,182.9,0.0,0.0
1745428517.826352573,true,240.5,0.0,0.0,0.1,1.1,0.0,0.0,0.0,0.0,0.0,-0.0,0.8,182.9,0.0,0.0
1745428517.836602839,true,240.5,0.0,0.0,0.1,1.1,0.0,-0.0,0.0,0.0,0.0,-0.0,0.8,184.8,0.0,0.0
1745428517.846226911,true,239.7,0.0,0.0,0.1,1.1,0.0,-0.0,0.0,0.0,0.0,-0.0,0.8,183.6,0.0,0.0
1745428517.856473978,true,240.5,0.0,0.0,0.1,1.1,0.0,-0.0,0.0,0.0,0.0,-0.0,0.8,184.8,0.0,0.0
1745428517.866225430,true,240.5,0.0,0.0,0.1,1.1,0.0,-0.0,0.0,0.0,0.0,-0.0,0.8,184.8,0.0,0.0
1745428517.876473725,true,240.4,0.0,0.0,0.1,1.2,0.0,-0.0,0.0,0.0,0.0,-0.0,0.8,187.1,0.0,0.0
1745428517.886225298,true,240.4,0.0,0.0,0.1,1.2,0.0,-0.0,0.0,0.0,0.0,-0.0,0.8,187.1,0.0,0.0
1745428517.896475655,true,239.6,0.0,0.0,0.1,1.2,0.0,-0.0,0.0,0.0,0.0,-0.0,0.8,185.9,0.0,0.0
1745428517.906227146,true,240.4,0.0,0.0,0.1,1.2,0.0,-0.0,0.0,0.0,0.0,-0.0,0.8,187.1,0.0,0.0
1745428517.916474544,true,240.5,0.0,0.0,0.1,1.1,0.0,-0.0,0.0,0.0,0.0,-0.0,0.8,183.1,0.0,0.0
1745428517.926101215,true,240.5,0.0,0.0,0.1,1.1,0.0,-0.0,0.0,0.0,0.0,-0.0,0.8,183.1,0.0,0.0
1745428517.936353542,true,240.5,0.0,0.0,0.1,1.1,0.0,-0.0,0.0,0.0,0.0,-0.0,0.8,183.1,0.0,0.0
1745428517.946100896,true,240.5,0.0,0.0,0.1,1.1,0.0,-0.0,0.0,0.0,0.0,-0.0,0.8,183.1,0.0,0.0
1745428517.956364299,true,239.7,0.0,0.0,0.1,1.2,0.0,-0.0,0.0,0.0,0.0,-0.0,0.8,182.9,0.0,0.0
1745428517.966101004,true,240.5,0.0,0.0,0.1,1.2,0.0,-0.0,0.0,0.0,0.0,-0.0,0.8,184.1,0.0,0.0
1745428517.976360711,true,240.5,0.0,0.0,0.1,1.2,0.0,-0.0,0.0,0.0,0.0,-0.0,0.8,184.1,0.0,0.0
1745428517.986100972,true,240.5,0.0,0.0,0.1,1.2,0.0,-0.0,0.0,0.0,0.0,-0.0,0.8,184.1,0.0,0.0
1745428517.996353275,true,240.5,0.0,0.0,0.1,1.0,0.0,0.0,0.0,-0.0,0.0,-0.0,0.8,184.3,0.0,0.0
1745428518.006600323,true,240.5,0.0,0.0,0.1,1.0,0.0,0.0,0.0,-0.0,0.0,-0.0,0.8,184.3,0.0,0.0
1745428518.016226401,true,239.7,0.0,0.0,0.1,1.0,0.0,0.0,0.0,-0.0,0.0,-0.0,0.8,183.2,0.0,0.0
1745428518.026475856,true,240.5,0.0,0.0,0.1,1.0,0.0,0.0,0.0,-0.0,0.0,-0.0,0.8,184.3,0.0,0.0
1745428518.036226050,true,240.4,0.0,0.0,0.1,0.9,0.0,0.0,0.0,0.0,0.0,-0.0,0.8,183.2,0.0,0.0
1745428518.046479444,true,240.4,0.0,0.0,0.1,0.9,0.0,0.0,0.0,0.0,0.0,-0.0,0.8,183.2,0.0,0.0
1745428518.056225583,true,240.4,0.0,0.0,0.1,0.9,0.0,0.0,0.0,0.0,0.0,-0.0,0.8,183.2,0.0,0.0
1745428518.066475435,true,240.4,0.0,0.0,0.1,0.9,0.0,0.0,0.0,0.0,0.0,-0.0,0.8,183.2,0.0,0.0
1745428518.076227180,true,239.6,0.0,0.0,0.1,1.0,0.0,0.0,0.0,0.0,0.0,-0.1,0.8,182.8,0.0,0.0
1745428518.086359009,true,240.4,0.0,0.0,0.1,1.0,0.0,0.0,0.0,0.0,0.0,-0.1,0.8,184.0,0.0,0.0
1745428518.096102185,true,240.4,0.0,0.0,0.1,1.0,0.0,0.0,0.0,0.0,0.0,-0.1,0.8,184.0,0.0,0.0
1745428518.106363717,true,240.4,0.0,0.0,0.1,1.0,0.0,0.0,0.0,0.0,0.0,-0.1,0.8,184.0,0.0,0.0
1745428518.116101824,true,239.6,0.0,0.0,0.1,1.1,0.0,-0.0,0.0,0.0,0.0,-0.0,0.8,181.9,0.0,0.0
1745428518.126360429,true,240.4,0.0,0.0,0.1,1.1,0.0,-0.0,0.0,0.0,0.0,-0.0,0.8,183.1,0.0,0.0
1745428518.136102966,true,240.4,0.0,0.0,0.1,1.1,0.0,-0.0,0.0,0.0,0.0,-0.0,0.8,183.1,0.0,0.0
1745428518.146359837,true,240.4,0.0,0.0,0.1,1.1,0.0,-0.0,0.0,0.0,0.0,-0.0,0.8,183.1,0.0,0.0
1745428518.156103448,true,240.4,0.0,0.0,0.1,1.3,0.0,0.0,0.0,0.0,0.0,-0.0,0.8,184.0,0.0,0.0
1745428518.166227992,true,240.4,0.0,0.0,0.1,1.3,0.0,0.0,0.0,0.0,0.0,-0.0,0.8,184.0,0.0,0.0
1745428518.176103708,true,239.6,0.0,0.0,0.1,1.2,0.0,0.0,0.0,0.0,0.0,-0.0,0.8,182.8,0.0,0.0
1745428518.186230664,true,240.4,0.0,0.0,0.1,1.3,0.0,0.0,0.0,0.0,0.0,-0.0,0.8,184.0,0.0,0.0
1745428518.195977329,true,240.5,0.0,0.0,0.1,1.1,0.0,0.0,0.0,0.0,0.0,-0.0,0.8,182.7,0.0,0.0
1745428518.206228881,true,240.5,0.0,0.0,0.1,1.1,0.0,0.0,0.0,0.0,0.0,-0.0,0.8,182.7,0.0,0.0
1745428518.216475964,true,240.5,0.0,0.0,0.1,1.1,0.0,0.0,0.0,0.0,0.0,-0.0,0.8,182.7,0.0,0.0
1745428518.226226294,true,240.5,0.0,0.0,0.1,1.1,0.0,0.0,0.0,0.0,0.0,-0.0,0.8,182.7,0.0,0.0
1745428518.236476534,true,239.6,0.0,0.0,0.1,1.1,0.0,-0.0,0.0,0.0,0.0,-0.0,0.8,181.9,0.0,0.0
1745428518.246229072,true,240.4,0.0,0.0,0.1,1.1,0.0,-0.0,0.0,0.0,0.0,-0.0,0.8,183.0,0.0,0.0
1745428518.256355115,true,240.4,0.0,0.0,0.1,1.1,0.0,-0.0,0.0,0.0,0.0,-0.0,0.8,183.0,0.0,0.0
1745428518.266102427,true,240.4,0.0,0.0,0.1,1.1,0.0,-0.0,0.0,0.0,0.0,-0.0,0.8,183.0,0.0,0.0
1745428518.276362566,true,240.4,0.0,0.0,0.1,1.1,0.0,0.0,0.0,0.0,0.0,-0.0,0.8,182.9,0.0,0.0
1745428518.286104456,true,240.4,0.0,0.0,0.1,1.1,0.0,0.0,0.0,0.0,0.0,-0.0,0.8,182.9,0.0,0.0
1745428518.296360918,true,239.6,0.0,0.0,0.1,1.1,0.0,0.0,0.0,0.0,0.0,-0.0,0.8,181.7,0.0,0.0
1745428518.306105195,true,240.4,0.0,0.0,0.1,1.1,0.0,0.0,0.0,0.0,0.0,-0.0,0.8,182.9,0.0,0.0
1745428518.316360378,true,240.4,0.0,0.0,0.1,0.6,0.0,-0.0,0.0,0.0,0.0,-0.0,0.8,182.5,0.0,0.0
1745428518.326103295,true,240.4,0.0,0.0,0.1,0.6,0.0,-0.0,0.0,0.0,0.0,-0.0,0.8,182.5,0.0,0.0
1745428518.336227980,true,240.4,0.0,0.0,0.1,0.6,0.0,-0.0,0.0,0.0,0.0,-0.0,0.8,182.5,0.0,0.0
1745428518.346105046,true,240.4,0.0,0.0,0.1,0.6,0.0,-0.0,0.0,0.0,0.0,-0.0,0.8,182.5,0.0,0.0
1745428518.356229936,true,239.7,0.0,0.0,0.1,1.5,0.0,0.0,0.0,0.0,0.0,-0.0,0.8,182.8,0.0,0.0
1745428518.365978491,true,240.4,0.0,0.0,0.1,1.5,0.0,0.0,0.0,0.0,0.0,-0.0,0.8,184.0,0.0,0.0
1745428518.376229570,true,240.4,0.0,0.0,0.1,1.5,0.0,0.0,0.0,0.0,0.0,-0.0,0.8,184.0,0.0,0.0
1745428518.386479199,true,240.4,0.0,0.0,0.1,1.5,0.0,0.0,0.0,0.0,0.0,-0.0,0.8,184.0,0.0,0.0
1745428518.396228280,true,240.4,0.0,0.0,0.1,1.0,0.0,-0.0,0.0,0.0,0.0,0.0,0.8,188.7,0.0,0.0
1745428518.405855109,true,239.6,0.0,0.0,0.1,1.0,0.0,-0.0,0.0,0.0,0.0,0.0,0.8,187.5,0.0,0.0
1745428518.416105806,true,240.4,0.0,0.0,0.1,1.0,0.0,-0.0,0.0,0.0,0.0,0.0,0.8,188.7,0.0,0.0
1745428518.425854494,true,240.4,0.0,0.0,0.1,1.0,0.0,-0.0,0.0,0.0,0.0,0.0,0.8,188.7,0.0,0.0
1745428518.436103433,true,240.4,0.0,0.0,0.1,0.9,0.0,-0.0,0.0,-0.0,0.0,-0.0,0.8,182.8,0.0,0.0
1745428518.446361905,true,240.4,0.0,0.0,0.1,0.9,0.0,-0.0,0.0,-0.0,0.0,-0.0,0.8,182.8,0.0,0.0
1745428518.456105161,true,239.6,0.0,0.0,0.1,0.9,0.0,-0.0,0.0,-0.0,0.0,-0.0,0.8,181.6,0.0,0.0
1745428518.466362618,true,240.4,0.0,0.0,0.1,0.9,0.0,-0.0,0.0,-0.0,0.0,-0.0,0.8,182.8,0.0,0.0
1745428518.476106544,true,240.4,0.0,0.0,0.1,1.2,0.0,-0.0,0.0,-0.0,0.0,0.0,0.8,184.0,0.0,0.0
1745428518.486363485,true,240.4,0.0,0.0,0.1,1.2,0.0,-0.0,0.0,-0.0,0.0,0.0,0.8,184.0,0.0,0.0
1745428518.496104214,true,240.4,0.0,0.0,0.1,1.2,0.0,-0.0,0.0,-0.0,0.0,0.0,0.8,184.0,0.0,0.0
1745428518.506229134,true,240.4,0.0,0.0,0.1,1.2,0.0,-0.0,0.0,-0.0,0.0,0.0,0.8,184.0,0.0,0.0
1745428518.515979001,true,239.6,0.0,0.0,0.1,1.0,0.0,-0.0,0.0,0.0,0.0,-0.0,0.8,182.8,0.0,0.0
1745428518.526231756,true,240.4,0.0,0.0,0.1,1.1,0.0,-0.0,0.0,0.0,0.0,-0.0,0.8,184.0,0.0,0.0
1745428518.535979762,true,240.4,0.0,0.0,0.1,1.1,0.0,-0.0,0.0,0.0,0.0,-0.0,0.8,184.0,0.0,0.0
1745428518.546229953,true,240.4,0.0,0.0,0.1,1.1,0.0,-0.0,0.0,0.0,0.0,-0.0,0.8,184.0,0.0,0.0
1745428518.555858755,true,240.4,0.0,0.0,0.1,1.2,0.0,-0.0,0.0,0.0,0.0,-0.0,0.8,183.7,0.0,0.0
1745428518.566229318,true,240.4,0.0,0.0,0.1,1.2,0.0,-0.0,0.0,0.0,0.0,-0.0,0.8,183.7,0.0,0.0
1745428518.575854847,true,239.6,0.0,0.0,0.1,1.1,0.0,-0.0,0.0,0.0,0.0,-0.0,0.8,182.5,0.0,0.0
1745428518.586108696,true,240.4,0.0,0.0,0.1,1.2,0.0,-0.0,0.0,0.0,0.0,-0.0,0.8,183.7,0.0,0.0
1745428518.596355662,true,240.4,0.0,0.0,0.1,1.0,0.0,0.0,0.0,0.0,0.0,-0.0,0.8,183.4,0.0,0.0
1745428518.606105822,true,240.4,0.0,0.0,0.1,1.0,0.0,0.0,0.0,0.0,0.0,-0.0,0.8,183.4,0.0,0.0
1745428518.615856143,true,239.6,0.0,0.0,0.1,1.0,0.0,0.0,0.0,0.0,0.0,-0.0,0.8,182.2,0.0,0.0
1745428518.626106878,true,241.2,0.0,0.0,0.1,1.0,0.0,0.0,0.0,0.0,0.0,-0.0,0.8,184.6,0.0,0.0
1745428518.635734040,true,239.6,0.0,0.0,0.1,0.9,0.0,-0.0,0.0,0.0,0.0,-0.0,0.8,183.0,0.0,0.0
1745428518.646105289,true,240.4,0.0,0.0,0.1,0.9,0.0,-0.0,0.0,0.0,0.0,-0.0,0.8,184.2,0.0,0.0
1745428518.655730002,true,240.4,0.0,0.0,0.1,0.9,0.0,-0.0,0.0,0.0,0.0,-0.0,0.8,184.2,0.0,0.0
1745428518.665984792,true,240.4,0.0,0.0,0.1,0.9,0.0,-0.0,0.0,0.0,0.0,-0.0,0.8,184.2,0.0,0.0
1745428518.676232172,true,240.4,0.0,0.0,0.1,1.2,0.0,0.0,0.0,0.0,0.0,-0.0,0.8,182.9,0.0,0.0
1745428518.685980863,true,240.4,0.0,0.0,0.1,1.2,0.0,0.0,0.0,0.0,0.0,-0.0,0.8,182.9,0.0,0.0
1745428518.696231016,true,239.6,0.0,0.0,0.1,1.2,0.0,0.0,0.0,0.0,0.0,-0.0,0.8,181.7,0.0,0.0
1745428518.705983668,true,240.4,0.0,0.0,0.1,1.2,0.0,0.0,0.0,0.0,0.0,-0.0,0.8,182.9,0.0,0.0
1745428518.716230565,true,240.4,0.0,0.0,0.1,0.9,0.0,0.0,0.0,0.0,0.0,-0.0,0.8,187.3,0.0,0.0
1745428518.725856196,true,240.4,0.0,0.0,0.1,0.9,0.0,0.0,0.0,0.0,0.0,-0.0,0.8,187.3,0.0,0.0
1745428518.736109167,true,239.6,0.0,0.0,0.1,0.9,0.0,0.0,0.0,0.0,0.0,-0.0,0.8,186.1,0.0,0.0
1745428518.745855734,true,240.4,0.0,0.0,0.1,0.9,0.0,0.0,0.0,0.0,0.0,-0.0,0.8,187.3,0.0,0.0
1745428518.756106024,true,240.4,0.0,0.0,0.1,1.3,0.0,-0.0,0.0,0.0,0.0,0.0,0.8,182.5,0.0,0.0
1745428518.765859861,true,240.4,0.0,0.0,0.1,1.3,0.0,-0.0,0.0,0.0,0.0,0.0,0.8,182.5,0.0,0.0
1745428518.776107178,true,240.4,0.0,0.0,0.1,1.3,0.0,-0.0,0.0,0.0,0.0,0.0,0.8,182.5,0.0,0.0
1745428518.785858232,true,240.4,0.0,0.0,0.1,1.3,0.0,-0.0,0.0,0.0,0.0,0.0,0.8,182.5,0.0,0.0
1745428518.796107282,true,239.6,0.0,0.0,0.1,1.0,0.0,-0.0,0.0,0.0,0.0,-0.0,0.8,186.7,0.0,0.0
1745428518.805735495,true,240.4,0.0,0.0,0.1,1.0,0.0,-0.0,0.0,0.0,0.0,-0.0,0.8,187.9,0.0,0.0
1745428518.816106472,true,240.4,0.0,0.0,0.1,1.0,0.0,-0.0,0.0,0.0,0.0,-0.0,0.8,187.9,0.0,0.0
1745428518.825730377,true,240.4,0.0,0.0,0.1,1.0,0.0,-0.0,0.0,0.0,0.0,-0.0,0.8,187.9,0.0,0.0
1745428518.835982266,true,240.4,0.0,0.0,0.1,1.2,0.0,-0.0,0.0,-0.0,0.0,-0.0,0.8,189.9,0.0,0.0
1745428518.845732577,true,240.4,0.0,0.0,0.1,1.2,0.0,-0.0,0.0,-0.0,0.0,-0.0,0.8,189.9,0.0,0.0
1745428518.855982410,true,239.6,0.0,0.0,0.1,1.2,0.0,-0.0,0.0,-0.0,0.0,-0.0,0.8,188.6,0.0,0.0
1745428518.866231322,true,240.4,0.0,0.0,0.1,1.2,0.0,-0.0,0.0,-0.0,0.0,-0.0,0.8,189.9,0.0,0.0
1745428518.875982105,true,240.4,0.0,0.0,0.1,0.9,0.0,-0.0,0.0,0.0,0.0,-0.0,0.8,190.3,0.0,0.0
1745428518.885607562,true,240.4,0.0,0.0,0.1,0.9,0.0,-0.0,0.0,0.0,0.0,-0.0,0.8,190.3,0.0,0.0
1745428518.895857082,true,240.4,0.0,0.0,0.1,0.9,0.0,-0.0,0.0,0.0,0.0,-0.0,0.8,190.3,0.0,0.0
1745428518.906109323,true,240.4,0.0,0.0,0.1,0.9,0.0,-0.0,0.0,0.0,0.0,-0.0,0.8,190.3,0.0,0.0
1745428518.915855495,true,239.7,0.0,0.0,0.1,1.0,0.0,0.0,0.0,0.0,0.0,-0.0,0.8,188.5,0.0,0.0
1745428518.926106194,true,240.4,0.0,0.0,0.1,1.0,0.0,0.0,0.0,0.0,0.0,-0.0,0.8,189.7,0.0,0.0
1745428518.935863196,true,240.4,0.0,0.0,0.1,1.0,0.0,0.0,0.0,0.0,0.0,-0.0,0.8,189.7,0.0,0.0
1745428518.946106297,true,240.4,0.0,0.0,0.1,1.0,0.0,0.0,0.0,0.0,0.0,-0.0,0.8,189.7,0.0,0.0
1745428518.955731798,true,240.4,0.0,0.0,0.1,1.1,0.0,-0.0,0.0,0.0,0.0,0.0,0.8,189.1,0.0,0.0
1745428518.966107768,true,240.4,0.0,0.0,0.1,1.1,0.0,-0.0,0.0,0.0,0.0,0.0,0.8,189.1,0.0,0.0
1745428518.975731928,true,239.6,0.0,0.0,0.1,1.1,0.0,-0.0,0.0,0.0,0.0,0.0,0.8,187.9,0.0,0.0
1745428518.985982170,true,240.4,0.0,0.0,0.1,1.1,0.0,-0.0,0.0,0.0,0.0,0.0,0.8,189.1,0.0,0.0
1745428518.995734471,true,240.4,0.0,0.0,0.1,1.1,0.0,-0.0,0.0,0.0,0.0,-0.0,0.8,191.6,0.0,0.0
1745428519.005981194,true,240.4,0.0,0.0,0.1,1.1,0.0,-0.0,0.0,0.0,0.0,-0.0,0.8,191.6,0.0,0.0
1745428519.015736524,true,239.6,0.0,0.0,0.1,1.1,0.0,-0.0,0.0,0.0,0.0,-0.0,0.8,190.4,0.0,0.0
1745428519.025983543,true,240.4,0.0,0.0,0.1,1.1,0.0,-0.0,0.0,0.0,0.0,-0.0,0.8,191.6,0.0,0.0
1745428519.035610002,true,240.4,0.0,0.0,0.1,0.9,0.0,-0.0,0.0,0.0,0.0,-0.0,0.8,184.2,0.0,0.0
1745428519.045857531,true,240.4,0.0,0.0,0.1,0.9,0.0,-0.0,0.0,0.0,0.0,-0.0,0.8,184.2,0.0,0.0
1745428519.056109459,true,240.4,0.0,0.0,0.1,0.9,0.0,-0.0,0.0,0.0,0.0,-0.0,0.8,184.2,0.0,0.0
1745428519.065859996,true,240.4,0.0,0.0,0.1,0.9,0.0,-0.0,0.0,0.0,0.0,-0.0,0.8,184.2,0.0,0.0
1745428519.075609319,true,239.6,0.0,0.0,0.1,1.0,0.0,-0.0,0.0,0.0,0.0,-0.0,0.8,185.7,0.0,0.0
1745428519.085859128,true,240.4,0.0,0.0,0.1,1.0,0.0,-0.0,0.0,0.0,0.0,-0.0,0.8,186.8,0.0,0.0
1745428519.095608641,true,240.4,0.0,0.0,0.1,1.0,0.0,-0.0,0.0,0.0,0.0,-0.0,0.8,186.8,0.0,0.0
1745428519.105862907,true,240.4,0.0,0.0,0.1,1.0,0.0,-0.0,0.0,0.0,0.0,-0.0,0.8,186.8,0.0,0.0
1745428519.116109803,true,240.4,0.0,0.0,0.1,1.3,0.0,0.0,0.0,0.0,0.0,-0.0,0.8,182.6,0.0,0.0
1745428519.125734228,true,240.4,0.0,0.0,0.1,1.3,0.0,0.0,0.0,0.0,0.0,-0.0,0.8,182.6,0.0,0.0
1745428519.136108573,true,239.6,0.0,0.0,0.1,1.3,0.0,0.0,0.0,0.0,0.0,-0.0,0.8,181.4,0.0,0.0
1745428519.145736676,true,240.4,0.0,0.0,0.1,1.3,0.0,0.0,0.0,0.0,0.0,-0.0,0.8,182.6,0.0,0.0
1745428519.155983382,true,240.4,0.0,0.0,0.1,1.1,0.0,0.0,0.0,0.0,0.0,-0.0,0.8,182.1,0.0,0.0
1745428519.165734848,true,240.4,0.0,0.0,0.1,1.1,0.0,0.0,0.0,0.0,0.0,-0.0,0.8,182.1,0.0,0.0
1745428519.175986801,true,240.4,0.0,0.0,0.1,1.1,0.0,0.0,0.0,0.0,0.0,-0.0,0.8,182.1,0.0,0.0
1745428519.185737234,true,240.4,0.0,0.0,0.1,1.1,0.0,0.0,0.0,0.0,0.0,-0.0,0.8,182.1,0.0,0.0
1745428519.195859179,true,239.7,0.0,0.0,0.1,1.0,0.0,-0.0,0.0,-0.0,0.0,-0.0,0.8,182.2,0.0,0.0
1745428519.205611961,true,240.4,0.0,0.0,0.1,1.0,0.0,-0.0,0.0,-0.0,0.0,-0.0,0.8,183.4,0.0,0.0
1745428519.215858914,true,240.4,0.0,0.0,0.1,1.0,0.0,-0.0,0.0,-0.0,0.0,-0.0,0.8,183.4,0.0,0.0
1745428519.225609407,true,240.4,0.0,0.0,0.1,1.0,0.0,-0.0,0.0,-0.0,0.0,-0.0,0.8,183.4,0.0,0.0
1745428519.235862353,true,240.4,0.0,0.0,0.1,1.0,0.0,-0.0,0.0,-0.0,0.0,-0.0,0.8,186.6,0.0,0.0
1745428519.245607908,true,240.4,0.0,0.0,0.1,1.0,0.0,-0.0,0.0,-0.0,0.0,-0.0,0.8,186.6,0.0,0.0
1745428519.255862163,true,239.6,0.0,0.0,0.1,1.0,0.0,-0.0,0.0,-0.0,0.0,-0.0,0.8,185.4,0.0,0.0
1745428519.265484810,true,240.4,0.0,0.0,0.1,1.0,0.0,-0.0,0.0,-0.0,0.0,-0.0,0.8,186.6,0.0,0.0
1745428519.275858397,true,240.3,0.0,0.0,0.1,1.1,0.0,0.0,0.0,0.0,0.0,-0.0,0.8,182.0,0.0,0.0
1745428519.285485056,true,240.3,0.0,0.0,0.1,1.1,0.0,0.0,0.0,0.0,0.0,-0.0,0.8,182.0,0.0,0.0
1745428519.295735860,true,239.6,0.0,0.0,0.1,1.0,0.0,0.0,0.0,0.0,0.0,-0.0,0.8,180.9,0.0,0.0
1745428519.305489585,true,240.3,0.0,0.0,0.1,1.1,0.0,0.0,0.0,0.0,0.0,-0.0,0.8,182.0,0.0,0.0
1745428519.315737077,true,240.3,0.0,0.0,0.1,1.0,0.0,-0.0,0.0,-0.0,0.0,-0.0,0.8,183.5,0.0,0.0
1745428519.325484554,true,240.3,0.0,0.0,0.1,1.0,0.0,-0.0,0.0,-0.0,0.0,-0.0,0.8,183.5,0.0,0.0
1745428519.335736332,true,240.3,0.0,0.0,0.1,1.0,0.0,-0.0,0.0,-0.0,0.0,-0.0,0.8,183.5,0.0,0.0
1745428519.345985738,true,240.3,0.0,0.0,0.1,1.0,0.0,-0.0,0.0,-0.0,0.0,-0.0,0.8,183.5,0.0,0.0
1745428519.355610845,true,239.6,0.0,0.0,0.1,1.1,0.0,-0.0,0.0,0.0,0.0,-0.0,0.8,181.7,0.0,0.0
1745428519.365860561,true,240.4,0.0,0.0,0.1,1.1,0.0,-0.0,0.0,0.0,0.0,-0.0,0.8,182.9,0.0,0.0
1745428519.375610851,true,240.4,0.0,0.0,0.1,1.1,0.0,-0.0,0.0,0.0,0.0,-0.0,0.8,182.9,0.0,0.0
1745428519.385860209,true,240.4,0.0,0.0,0.1,1.1,0.0,-0.0,0.0,0.0,0.0,-0.0,0.8,182.9,0.0,0.0
1745428519.395610889,true,240.4,0.0,0.0,0.1,1.1,0.0,-0.0,0.0,0.0,0.0,-0.0,0.8,184.9,0.0,0.0
1745428519.405860564,true,240.4,0.0,0.0,0.1,1.1,0.0,-0.0,0.0,0.0,0.0,-0.0,0.8,184.9,0.0,0.0
1745428519.415613788,true,239.6,0.0,0.0,0.1,1.1,0.0,-0.0,0.0,0.0,0.0,-0.0,0.8,183.7,0.0,0.0
1745428519.425861893,true,240.4,0.0,0.0,0.1,1.1,0.0,-0.0,0.0,0.0,0.0,-0.0,0.8,184.9,0.0,0.0
1745428519.435486853,true,240.4,0.0,0.0,0.1,0.8,0.0,0.0,0.0,0.0,0.0,-0.0,0.8,183.2,0.0,0.0
1745428519.445736383,true,240.4,0.0,0.0,0.1,0.8,0.0,0.0,0.0,0.0,0.0,-0.0,0.8,183.2,0.0,0.0
1745428519.455486110,true,240.4,0.0,0.0,0.1,0.8,0.0,0.0,0.0,0.0,0.0,-0.0,0.8,183.2,0.0,0.0
1745428519.465735897,true,240.4,0.0,0.0,0.1,0.8,0.0,0.0,0.0,0.0,0.0,-0.0,0.8,183.2,0.0,0.0
1745428519.475490667,true,239.7,0.0,0.0,0.1,1.2,0.0,0.0,0.0,0.0,0.0,-0.0,0.8,181.5,0.0,0.0
1745428519.485735250,true,240.4,0.0,0.0,0.1,1.2,0.0,0.0,0.0,0.0,0.0,-0.0,0.8,182.6,0.0,0.0
1745428519.495484652,true,240.4,0.0,0.0,0.1,1.2,0.0,0.0,0.0,0.0,0.0,-0.0,0.8,182.6,0.0,0.0
1745428519.505615645,true,240.4,0.0,0.0,0.1,1.2,0.0,0.0,0.0,0.0,0.0,-0.0,0.8,182.6,0.0,0.0
1745428519.515362260,true,240.4,0.0,0.0,0.1,1.0,0.0,-0.0,0.0,0.0,0.0,-0.0,0.8,183.4,0.0,0.0
1745428519.525612746,true,240.4,0.0,0.0,0.1,1.0,0.0,-0.0,0.0,0.0,0.0,-0.0,0.8,183.4,0.0,0.0
1745428519.535366788,true,239.6,0.0,0.0,0.1,0.9,0.0,-0.0,0.0,0.0,0.0,-0.0,0.8,182.2,0.0,0.0
1745428519.545612010,true,240.4,0.0,0.0,0.1,1.0,0.0,-0.0,0.0,0.0,0.0,-0.0,0.8,183.4,0.0,0.0
1745428519.555362379,true,240.5,0.0,0.0,0.1,0.9,0.0,0.0,0.0,0.0,0.0,0.0,0.8,183.0,0.0,0.0
1745428519.565613156,true,240.5,0.0,0.0,0.1,0.9,0.0,0.0,0.0,0.0,0.0,0.0,0.8,183.0,0.0,0.0
1745428519.575864472,true,240.5,0.0,0.0,0.1,0.9,0.0,0.0,0.0,0.0,0.0,0.0,0.8,183.0,0.0,0.0
1745428519.585613670,true,240.5,0.0,0.0,0.1,0.9,0.0,0.0,0.0,0.0,0.0,0.0,0.8,183.0,0.0,0.0
1745428519.595737622,true,239.6,0.0,0.0,0.1,1.2,0.0,0.0,0.0,0.0,0.0,-0.0,0.8,184.2,0.0,0.0
1745428519.605491772,true,240.4,0.0,0.0,0.1,1.2,0.0,0.0,0.0,0.0,0.0,-0.0,0.8,185.3,0.0,0.0
1745428519.615737711,true,240.4,0.0,0.0,0.1,1.2,0.0,0.0,0.0,0.0,0.0,-0.0,0.8,185.3,0.0,0.0
1745428519.625487781,true,240.4,0.0,0.0,0.1,1.2,0.0,0.0,0.0,0.0,0.0,-0.0,0.8,185.3,0.0,0.0
1745428519.635737789,true,240.4,0.0,0.0,0.1,0.8,0.0,0.0,0.0,0.0,0.0,-0.0,0.8,182.4,0.0,0.0
1745428519.645488206,true,239.6,0.0,0.0,0.1,0.8,0.0,0.0,0.0,0.0,0.0,-0.0,0.8,181.3,0.0,0.0
1745428519.655738837,true,240.4,0.0,0.0,0.1,0.8,0.0,0.0,0.0,0.0,0.0,-0.0,0.8,182.4,0.0,0.0
1745428519.665367255,true,240.4,0.0,0.0,0.1,0.8,0.0,0.0,0.0,0.0,0.0,-0.0,0.8,182.4,0.0,0.0
1745428519.675612395,true,240.4,0.0,0.0,0.1,1.1,0.0,-0.0,0.0,0.0,0.0,-0.0,0.8,183.0,0.0,0.0
1745428519.685363817,true,240.4,0.0,0.0,0.1,1.1,0.0,-0.0,0.0,0.0,0.0,-0.0,0.8,183.0,0.0,0.0
1745428519.695612868,true,239.7,0.0,0.0,0.1,1.1,0.0,-0.0,0.0,0.0,0.0,-0.0,0.8,181.8,0.0,0.0
1745428519.705363331,true,240.4,0.0,0.0,0.1,1.1,0.0,-0.0,0.0,0.0,0.0,-0.0,0.8,183.0,0.0,0.0
1745428519.715613882,true,240.4,0.0,0.0,0.1,0.8,0.0,0.0,0.0,0.0,0.0,-0.0,0.8,183.5,0.0,0.0
1745428519.725363543,true,240.4,0.0,0.0,0.1,0.8,0.0,0.0,0.0,0.0,0.0,-0.0,0.8,183.5,0.0,0.0
1745428519.735614301,true,240.4,0.0,0.0,0.1,0.8,0.0,0.0,0.0,0.0,0.0,-0.0,0.8,183.5,0.0,0.0
1745428519.745238260,true,240.4,0.0,0.0,0.1,0.8,0.0,0.0,0.0,0.0,0.0,-0.0,0.8,183.5,0.0,0.0
1745428519.755487976,true,239.6,0.0,0.0,0.1,1.1,0.0,0.0,0.0,0.0,0.0,-0.0,0.8,184.8,0.0,0.0
1745428519.765238992,true,240.4,0.0,0.0,0.1,1.1,0.0,0.0,0.0,0.0,0.0,-0.0,0.8,186.0,0.0,0.0
1745428519.775488729,true,240.4,0.0,0.0,0.1,1.1,0.0,0.0,0.0,0.0,0.0,-0.0,0.8,186.0,0.0,0.0
1745428519.785237544,true,240.4,0.0,0.0,0.1,1.1,0.0,0.0,0.0,0.0,0.0,-0.0,0.8,186.0,0.0,0.0
1745428519.795488929,true,240.3,0.0,0.0,0.1,0.9,0.0,-0.0,0.0,0.0,0.0,-0.0,0.8,182.9,0.0,0.0
1745428519.805738842,true,240.3,0.0,0.0,0.1,0.9,0.0,-0.0,0.0,0.0,0.0,-0.0,0.8,182.9,0.0,0.0
1745428519.815488443,true,239.6,0.0,0.0,0.1,0.9,0.0,-0.0,0.0,0.0,0.0,-0.0,0.8,181.7,0.0,0.0
1745428519.825739715,true,240.3,0.0,0.0,0.1,0.9,0.0,-0.0,0.0,0.0,0.0,-0.0,0.8,182.9,0.0,0.0
1745428519.835365214,true,240.4,0.0,0.0,0.1,1.2,0.0,0.0,0.0,0.0,0.0,-0.0,0.8,181.5,0.0,0.0
1745428519.845617054,true,240.4,0.0,0.0,0.1,1.2,0.0,0.0,0.0,0.0,0.0,-0.0,0.8,181.5,0.0,0.0
1745428519.855363219,true,240.4,0.0,0.0,0.1,1.2,0.0,0.0,0.0,0.0,0.0,-0.0,0.8,181.5,0.0,0.0
1745428519.865618652,true,240.4,0.0,0.0,0.1,1.2,0.0,0.0,0.0,0.0,0.0,-0.0,0.8,181.5,0.0,0.0
1745428519.875364573,true,239.6,0.0,0.0,0.1,1.0,0.0,0.0,0.0,0.0,0.0,-0.0,0.8,182.4,0.0,0.0
1745428519.885614512,true,240.4,0.0,0.0,0.1,1.0,0.0,0.0,0.0,0.0,0.0,-0.0,0.8,183.6,0.0,0.0
1745428519.895369417,true,240.4,0.0,0.0,0.1,1.0,0.0,0.0,0.0,0.0,0.0,-0.0,0.8,183.6,0.0,0.0
1745428519.905490294,true,240.4,0.0,0.0,0.1,1.0,0.0,0.0,0.0,0.0,0.0,-0.0,0.8,183.6,0.0,0.0
1745428519.915239255,true,240.4,0.0,0.0,0.1,0.9,0.0,0.0,0.0,0.0,0.0,-0.0,0.8,187.5,0.0,0.0
1745428519.925489378,true,240.4,0.0,0.0,0.1,0.9,0.0,0.0,0.0,0.0,0.0,-0.0,0.8,187.5,0.0,0.0
1745428519.935238888,true,239.6,0.0,0.0,0.1,0.9,0.0,0.0,0.0,0.0,0.0,-0.0,0.8,186.3,0.0,0.0
1745428519.945490247,true,240.4,0.0,0.0,0.1,0.9,0.0,0.0,0.0,0.0,0.0,-0.0,0.8,187.5,0.0,0.0
1745428519.955241845,true,240.4,0.0,0.0,0.1,1.0,0.0,-0.0,0.0,0.0,0.0,-0.0,0.8,182.5,0.0,0.0
1745428519.965488795,true,240.4,0.0,0.0,0.1,1.0,0.0,-0.0,0.0,0.0,0.0,-0.0,0.8,182.5,0.0,0.0
1745428519.975244699,true,239.6,0.0,0.0,0.1,1.0,0.0,-0.0,0.0,0.0,0.0,-0.0,0.8,181.3,0.0,0.0
1745428519.985369112,true,240.4,0.0,0.0,0.1,1.0,0.0,-0.0,0.0,0.0,0.0,-0.0,0.8,182.5,0.0,0.0
1745428519.995115163,true,240.4,0.0,0.0,0.1,1.0,0.0,-0.0,0.0,-0.0,0.0,-0.0,0.8,182.2,0.0,0.0
1745428520.005364702,true,240.4,0.0,0.0,0.1,1.0,0.0,-0.0,0.0,-0.0,0.0,-0.0,0.8,182.2,0.0,0.0
1745428520.015619163,true,240.4,0.0,0.0,0.1,1.0,0.0,-0.0,0.0,-0.0,0.0,-0.0,0.8,182.2,0.0,0.0
1745428520.025365266,true,240.4,0.0,0.0,0.1,1.0,0.0,-0.0,0.0,-0.0,0.0,-0.0,0.8,182.2,0.0,0.0
1745428520.035618409,true,239.5,0.0,0.0,0.1,1.0,0.0,-0.0,0.0,0.0,0.0,-0.0,0.8,181.5,0.0,0.0
1745428520.045366486,true,240.3,0.0,0.0,0.1,1.0,0.0,-0.0,0.0,0.0,0.0,-0.0,0.8,182.7,0.0,0.0
1745428520.055614717,true,240.3,0.0,0.0,0.1,1.0,0.0,-0.0,0.0,0.0,0.0,-0.0,0.8,182.7,0.0,0.0
1745428520.065240458,true,240.3,0.0,0.0,0.1,1.0,0.0,-0.0,0.0,0.0,0.0,-0.0,0.8,182.7,0.0,0.0
1745428520.075614428,true,240.2,0.0,0.0,0.1,1.0,0.0,-0.0,0.0,0.0,0.0,-0.0,0.8,183.4,0.0,0.0
1745428520.085242975,true,240.2,0.0,0.0,0.1,1.0,0.0,-0.0,0.0,0.0,0.0,-0.0,0.8,183.4,0.0,0.0
1745428520.095490580,true,240.2,0.0,0.0,0.1,1.0,0.0,-0.0,0.0,0.0,0.0,-0.0,0.8,183.4,0.0,0.0
1745428520.105242064,true,240.2,0.0,0.0,0.1,1.0,0.0,-0.0,0.0,0.0,0.0,-0.0,0.8,183.4,0.0,0.0
1745428520.115490907,true,239.5,0.0,0.0,0.1,1.1,0.0,-0.0,0.0,-0.0,0.0,-0.0,0.8,186.1,0.0,0.0
1745428520.125242164,true,240.3,0.0,0.0,0.1,1.2,0.0,-0.0,0.0,-0.0,0.0,-0.0,0.8,187.3,0.0,0.0
1745428520.135491535,true,240.3,0.0,0.0,0.1,1.2,0.0,-0.0,0.0,-0.0,0.0,-0.0,0.8,187.3,0.0,0.0
1745428520.145116629,true,240.3,0.0,0.0,0.1,1.2,0.0,-0.0,0.0,-0.0,0.0,-0.0,0.8,187.3,0.0,0.0
1745428520.155367260,true,240.4,0.0,0.0,0.1,1.1,0.0,-0.0,0.0,0.0,0.0,-0.0,0.8,182.0,0.0,0.0
1745428520.165115684,true,240.4,0.0,0.0,0.1,1.1,0.0,-0.0,0.0,0.0,0.0,-0.0,0.8,182.0,0.0,0.0
1745428520.175366666,true,239.6,0.0,0.0,0.1,1.1,0.0,-0.0,0.0,0.0,0.0,-0.0,0.8,180.9,0.0,0.0
1745428520.185117325,true,240.4,0.0,0.0,0.1,1.1,0.0,-0.0,0.0,0.0,0.0,-0.0,0.8,182.0,0.0,0.0
1745428520.195366412,true,240.5,0.0,0.0,0.1,1.1,0.0,-0.0,0.0,0.0,0.0,-0.0,0.8,182.9,0.0,0.0
1745428520.205117176,true,240.5,0.0,0.0,0.1,1.1,0.0,-0.0,0.0,0.0,0.0,-0.0,0.8,182.9,0.0,0.0
1745428520.215368408,true,239.7,0.0,0.0,0.1,1.1,0.0,-0.0,0.0,0.0,0.0,-0.0,0.8,181.8,0.0,0.0
1745428520.225116825,true,240.5,0.0,0.0,0.1,1.1,0.0,-0.0,0.0,0.0,0.0,-0.0,0.8,182.9,0.0,0.0
1745428520.235240869,true,240.5,0.0,0.0,0.1,1.0,0.0,-0.0,0.0,0.0,0.0,-0.0,0.8,184.0,0.0,0.0
1745428520.244994435,true,240.5,0.0,0.0,0.1,1.0,0.0,-0.0,0.0,0.0,0.0,-0.0,0.8,184.0,0.0,0.0
1745428520.255246350,true,240.5,0.0,0.0,0.1,1.0,0.0,-0.0,0.0,0.0,0.0,-0.0,0.8,184.0,0.0,0.0
1745428520.265493777,true,240.5,0.0,0.0,0.1,1.0,0.0,-0.0,0.0,0.0,0.0,-0.0,0.8,184.0,0.0,0.0
1745428520.275243589,true,240.2,0.0,0.0,0.1,1.1,0.0,-0.0,0.0,0.0,0.0,-0.0,0.8,185.9,0.0,0.0
1745428520.285496353,true,239.5,0.0,0.0,0.1,1.1,0.0,-0.0,0.0,0.0,0.0,-0.0,0.8,184.7,0.0,0.0
1745428520.295242204,true,240.2,0.0,0.0,0.1,1.1,0.0,-0.0,0.0,0.0,0.0,-0.0,0.8,185.9,0.0,0.0
1745428520.305367341,true,240.2,0.0,0.0,0.1,1.1,0.0,-0.0,0.0,0.0,0.0,-0.0,0.8,185.9,0.0,0.0
1745428520.315120337,true,239.5,0.0,0.0,0.1,1.1,0.0,0.0,0.0,0.0,0.0,-0.0,0.8,180.8,0.0,0.0
1745428520.325366142,true,240.3,0.0,0.0,0.1,1.1,0.0,0.0,0.0,0.0,0.0,-0.0,0.8,182.0,0.0,0.0
1745428520.335118243,true,240.3,0.0,0.0,0.1,1.1,0.0,0.0,0.0,0.0,0.0,-0.0,0.8,182.0,0.0,0.0
1745428520.345370159,true,240.3,0.0,0.0,0.1,1.1,0.0,0.0,0.0,0.0,0.0,-0.0,0.8,182.0,0.0,0.0
1745428520.355118018,true,240.4,0.0,0.0,0.1,1.1,0.0,0.0,0.0,0.0,0.0,-0.0,0.8,182.9,0.0,0.0
1745428520.365368583,true,240.4,0.0,0.0,0.1,1.1,0.0,0.0,0.0,0.0,0.0,-0.0,0.8,182.9,0.0,0.0
1745428520.375116970,true,240.4,0.0,0.0,0.1,1.1,0.0,0.0,0.0,0.0,0.0,-0.0,0.8,182.9,0.0,0.0
1745428520.385371214,true,240.4,0.0,0.0,0.1,1.1,0.0,0.0,0.0,0.0,0.0,-0.0,0.8,182.9,0.0,0.0
1745428520.395118843,true,239.7,0.0,0.0,0.1,1.1,0.0,-0.0,0.0,0.0,0.0,0.0,0.8,183.2,0.0,0.0
1745428520.405242093,true,240.4,0.0,0.0,0.1,1.1,0.0,-0.0,0.0,0.0,0.0,0.0,0.8,184.4,0.0,0.0
1745428520.414993243,true,240.4,0.0,0.0,0.1,1.1,0.0,-0.0,0.0,0.0,0.0,0.0,0.8,184.4,0.0,0.0
1745428520.425243881,true,240.4,0.0,0.0,0.1,1.1,0.0,-0.0,0.0,0.0,0.0,0.0,0.8,184.4,0.0,0.0
1745428520.434992810,true,239.6,0.0,0.0,0.1,1.1,0.0,-0.0,0.0,0.0,0.0,-0.0,0.8,182.8,0.0,0.0
1745428520.445243946,true,240.4,0.0,0.0,0.1,1.1,0.0,-0.0,0.0,0.0,0.0,-0.0,0.8,183.9,0.0,0.0
1745428520.454994456,true,240.4,0.0,0.0,0.1,1.1,0.0,-0.0,0.0,0.0,0.0,-0.0,0.8,183.9,0.0,0.0
1745428520.465117882,true,240.4,0.0,0.0,0.1,1.1,0.0,-0.0,0.0,0.0,0.0,-0.0,0.8,183.9,0.0,0.0
1745428520.475370325,true,240.9,0.0,0.0,0.1,1.0,0.0,0.0,0.0,0.0,0.0,-0.0,0.8,184.8,0.0,0.0
1745428520.485122820,true,240.9,0.0,0.0,0.1,1.0,0.0,0.0,0.0,0.0,0.0,-0.0,0.8,184.8,0.0,0.0
1745428520.495368129,true,240.1,0.0,0.0,0.1,1.0,0.0,0.0,0.0,0.0,0.0,-0.0,0.8,183.6,0.0,0.0
1745428520.505118240,true,240.9,0.0,0.0,0.1,1.0,0.0,0.0,0.0,0.0,0.0,-0.0,0.8,184.8,0.0,0.0
1745428520.515369431,true,240.9,0.0,0.0,0.1,0.9,0.0,-0.0,0.0,0.0,0.0,-0.0,0.8,182.9,0.0,0.0
1745428520.525120949,true,240.9,0.0,0.0,0.1,0.9,0.0,-0.0,0.0,0.0,0.0,-0.0,0.8,182.9,0.0,0.0
1745428520.535369329,true,240.9,0.0,0.0,0.1,0.9,0.0,-0.0,0.0,0.0,0.0,-0.0,0.8,182.9,0.0,0.0
1745428520.545119830,true,240.9,0.0,0.0,0.1,0.9,0.0,-0.0,0.0,0.0,0.0,-0.0,0.8,182.9,0.0,0.0
1745428520.555244898,true,239.9,0.0,0.0,0.1,1.2,0.0,0.0,0.0,-0.0,0.0,-0.0,0.8,182.3,0.0,0.0
1745428520.564995050,true,240.7,0.0,0.0,0.1,1.2,0.0,0.0,0.0,-0.0,0.0,-0.0,0.8,183.4,0.0,0.0
1745428520.575244940,true,240.7,0.0,0.0,0.1,1.2,0.0,0.0,0.0,-0.0,0.0,-0.0,0.8,183.4,0.0,0.0
1745428520.585000469,true,240.7,0.0,0.0,0.1,1.2,0.0,0.0,0.0,-0.0,0.0,-0.0,0.8,183.4,0.0,0.0
1745428520.595244849,true,240.9,0.0,0.0,0.1,0.6,0.0,0.0,0.0,0.0,0.0,-0.0,0.8,184.2,0.0,0.0
1745428520.604993687,true,240.9,0.0,0.0,0.1,0.6,0.0,0.0,0.0,0.0,0.0,-0.0,0.8,184.2,0.0,0.0
1745428520.615119369,true,240.1,0.0,0.0,0.1,0.6,0.0,0.0,0.0,0.0,0.0,-0.0,0.8,183.1,0.0,0.0
1745428520.624868406,true,240.9,0.0,0.0,0.1,0.6,0.0,0.0,0.0,0.0,0.0,-0.0,0.8,184.2,0.0,0.0
1745428520.635120331,true,240.9,0.0,0.0,0.1,1.2,0.0,-0.0,0.0,0.0,0.0,-0.0,0.8,184.6,0.0,0.0
1745428520.644870179,true,240.9,0.0,0.0,0.1,1.2,0.0,-0.0,0.0,0.0,0.0,-0.0,0.8,184.6,0.0,0.0
1745428520.655120414,true,240.9,0.0,0.0,0.1,1.2,0.0,-0.0,0.0,0.0,0.0,-0.0,0.8,184.6,0.0,0.0
1745428520.664870790,true,240.9,0.0,0.0,0.1,1.2,0.0,-0.0,0.0,0.0,0.0,-0.0,0.8,184.6,0.0,0.0
1745428520.675121258,true,240.2,0.0,0.0,0.1,1.1,0.0,0.0,0.0,0.0,0.0,-0.0,0.8,181.5,0.0,0.0
1745428520.684870018,true,241.0,0.0,0.0,0.1,1.1,0.0,0.0,0.0,0.0,0.0,-0.0,0.8,182.6,0.0,0.0
1745428520.695120725,true,241.0,0.0,0.0,0.1,1.1,0.0,0.0,0.0,0.0,0.0,-0.0,0.8,182.6,0.0,0.0
1745428520.704748959,true,241.0,0.0,0.0,0.1,1.1,0.0,0.0,0.0,0.0,0.0,-0.0,0.8,182.6,0.0,0.0
1745428520.715121054,true,240.1,0.0,0.0,0.1,1.0,0.0,-0.0,0.0,0.0,0.0,-0.0,0.8,180.5,0.0,0.0
1745428520.725245228,true,241.7,0.0,0.0,0.1,1.0,0.0,-0.0,0.0,0.0,0.0,-0.0,0.8,182.9,0.0,0.0
1745428520.734999102,true,240.1,0.0,0.0,0.1,1.0,0.0,-0.0,0.0,0.0,0.0,-0.0,0.8,180.5,0.0,0.0
1745428520.745245026,true,240.9,0.0,0.0,0.1,1.0,0.0,-0.0,0.0,0.0,0.0,-0.0,0.8,181.7,0.0,0.0
1745428520.754995145,true,240.9,0.0,0.0,0.1,1.1,0.0,0.0,0.0,0.0,0.0,-0.0,0.8,181.8,0.0,0.0
1745428520.765245963,true,240.9,0.0,0.0,0.1,1.1,0.0,0.0,0.0,0.0,0.0,-0.0,0.8,181.8,0.0,0.0
1745428520.774871448,true,240.1,0.0,0.0,0.1,1.1,0.0,0.0,0.0,0.0,0.0,-0.0,0.8,180.7,0.0,0.0
1745428520.785247407,true,240.9,0.0,0.0,0.1,1.1,0.0,0.0,0.0,0.0,0.0,-0.0,0.8,181.8,0.0,0.0
1745428520.794871497,true,240.8,0.0,0.0,0.1,1.1,0.0,0.0,0.0,0.0,0.0,-0.0,0.8,184.1,0.0,0.0
1745428520.805124936,true,240.8,0.0,0.0,0.1,1.1,0.0,0.0,0.0,0.0,0.0,-0.0,0.8,184.1,0.0,0.0
1745428520.814872199,true,240.8,0.0,0.0,0.1,1.1,0.0,0.0,0.0,0.0,0.0,-0.0,0.8,184.1,0.0,0.0
1745428520.825120426,true,240.8,0.0,0.0,0.1,1.1,0.0,0.0,0.0,0.0,0.0,-0.0,0.8,184.1,0.0,0.0
1745428520.834873677,true,240.2,0.0,0.0,0.1,1.2,0.0,-0.0,0.0,-0.0,0.0,-0.0,0.8,182.2,0.0,0.0
1745428520.845123784,true,240.9,0.0,0.0,0.1,1.2,0.0,-0.0,0.0,-0.0,0.0,-0.0,0.8,183.4,0.0,0.0
1745428520.854748664,true,240.9,0.0,0.0,0.1,1.2,0.0,-0.0,0.0,-0.0,0.0,-0.0,0.8,183.4,0.0,0.0
